START,STOP,PATIENT,ENCOUNTER,CODE,DESCRIPTION,UDI
2010-07-15T17:23:05Z,,d4eb1c66-2293-ee4c-c50e-4a20b3c71406,d4eb1c66-2293-ee4c-ca57-4411b543a598,170615005,Home nebulizer (physical object),(01)52007958296817(11)100624(17)350709(10)69623541771(21)6672602763050532
1966-02-21T07:49:49Z,,d010cebc-bfcf-7b46-915f-253c0897dace,d010cebc-bfcf-7b46-969f-39e881d7e89c,337414009,Blood glucose meter (physical object),(01)36514205066883(11)660131(17)910215(10)5694602512(21)84430442442
2017-11-18T07:25:09Z,2017-11-18T07:25:09Z,82db0526-da07-ed7a-3ff5-bb17c35de8ea,82db0526-da07-ed7a-d70e-37a05338e50c,706298007,Dental x-ray system (physical object),(01)77187098428799(11)171028(17)421112(10)118004511500235302(21)62829211478
2017-10-30T14:09:26Z,2017-10-30T14:09:26Z,d6a328aa-a319-9277-2ea9-27ecbdad29e3,d6a328aa-a319-9277-e6c0-c6e35b1624e4,706298007,Dental x-ray system (physical object),(01)23843551220981(11)171009(17)421024(10)4742732621299(21)6827804586407512630
2020-10-14T06:45:37Z,2020-10-14T06:45:37Z,7dcc4e71-3faa-0b8f-9257-25eba37dc32d,7dcc4e71-3faa-0b8f-2f77-dd0d3e6fbe11,706298007,Dental x-ray system (physical object),(01)88109654213511(11)200923(17)451008(10)47915(21)5199500
2020-10-14T07:44:42Z,,7dcc4e71-3faa-0b8f-9257-25eba37dc32d,7dcc4e71-3faa-0b8f-2f77-dd0d3e6fbe11,225738002,Operating room (environment),(01)51322732256291(11)200923(17)451008(10)731985949178953(21)597641
2018-10-26T01:31:44Z,2018-10-26T01:31:44Z,d4eb1c66-2293-ee4c-c50e-4a20b3c71406,d4eb1c66-2293-ee4c-d8de-0c7c2ee46f81,706298007,Dental x-ray system (physical object),(01)10233601741146(11)181005(17)431020(10)4258(21)3204051
2022-07-03T09:58:33Z,2022-07-03T09:58:33Z,17bb62eb-62ed-56b2-92f3-a995cb365eb2,17bb62eb-62ed-56b2-0aa4-d50add31b1ef,706298007,Dental x-ray system (physical object),(01)91639902609230(11)220612(17)470627(10)14054267764335(21)585594598
2022-07-03T09:58:33Z,2022-07-03T11:58:47Z,17bb62eb-62ed-56b2-92f3-a995cb365eb2,17bb62eb-62ed-56b2-0aa4-d50add31b1ef,225738002,Operating room (environment),(01)74241731522955(11)220612(17)470627(10)74981473715(21)7196295849
2021-10-20T06:56:52Z,2021-10-20T06:56:52Z,7dcc4e71-3faa-0b8f-9257-25eba37dc32d,7dcc4e71-3faa-0b8f-972e-b34a6902866a,706298007,Dental x-ray system (physical object),(01)31511547880606(11)210929(17)461014(10)438362623151863(21)11619
2020-12-12T06:43:06Z,2020-12-12T06:43:06Z,82db0526-da07-ed7a-3ff5-bb17c35de8ea,82db0526-da07-ed7a-f10a-f241d94db1f2,706298007,Dental x-ray system (physical object),(01)15497349983112(11)201121(17)451206(10)65913093(21)4095893886966616828
2022-10-26T07:03:08Z,2022-10-26T07:03:08Z,7dcc4e71-3faa-0b8f-9257-25eba37dc32d,7dcc4e71-3faa-0b8f-ad01-a48960f59241,706298007,Dental x-ray system (physical object),(01)65268659987425(11)221005(17)471020(10)60330077(21)689515144301743278
2003-08-07T16:16:05Z,2007-12-27T16:16:05Z,05b7e5be-de73-f17e-4062-904498891f3d,05b7e5be-de73-f17e-2594-72d084c13f5e,170615005,Home nebulizer (physical object),(01)91988440232650(11)030717(17)280731(10)8788814935177085342(21)2644121
2005-01-06T18:53:45Z,2005-01-06T18:53:45Z,05b7e5be-de73-f17e-4062-904498891f3d,05b7e5be-de73-f17e-de83-d2e47a3c7dfa,706298007,Dental x-ray system (physical object),(01)78635486539448(11)041217(17)300101(10)5289858749670518210(21)596241
2005-02-03T17:59:52Z,2005-02-03T17:59:52Z,05b7e5be-de73-f17e-4062-904498891f3d,05b7e5be-de73-f17e-7615-0974e6ed9698,706298007,Dental x-ray system (physical object),(01)75684431035544(11)050113(17)300128(10)6429618244(21)351520
2025-12-19T21:33:46Z,2025-12-19T21:33:46Z,5abb47ae-97b1-d42e-f7d9-9aeb5369f437,5abb47ae-97b1-d42e-acf0-a3a12c089ae1,706298007,Dental x-ray system (physical object),(01)27317739857843(11)251129(17)501214(10)61627707(21)321633962532
1977-10-17T10:17:39Z,1977-10-17T10:17:39Z,d010cebc-bfcf-7b46-915f-253c0897dace,d010cebc-bfcf-7b46-dc85-026ce94ef337,706298007,Dental x-ray system (physical object),(01)10258378639575(11)770926(17)021011(10)56697530(21)445381148051298
2020-04-10T02:00:01Z,,d4eb1c66-2293-ee4c-c50e-4a20b3c71406,d4eb1c66-2293-ee4c-ec4b-94ba310d9594,225738002,Operating room (environment),(01)58267548504086(11)200320(17)450404(10)3253193(21)465603854
2007-10-18T17:42:42Z,2007-10-18T17:42:42Z,05b7e5be-de73-f17e-4062-904498891f3d,05b7e5be-de73-f17e-d064-f4305d06e296,706298007,Dental x-ray system (physical object),(01)50593312335994(11)070927(17)321011(10)300279982(21)605126931019
2007-12-27T16:16:05Z,,05b7e5be-de73-f17e-4062-904498891f3d,05b7e5be-de73-f17e-7a6d-b6709ba1298d,170615005,Home nebulizer (physical object),(01)17351016963588(11)071206(17)321220(10)292355575276(21)346971410
2021-11-12T01:39:15Z,,d4eb1c66-2293-ee4c-c50e-4a20b3c71406,d4eb1c66-2293-ee4c-6ea8-399a4f812241,225738002,Operating room (environment),(01)73334556522889(11)211022(17)461106(10)25873854320(21)76777937247594
2008-02-14T18:32:20Z,2008-02-14T18:32:20Z,05b7e5be-de73-f17e-4062-904498891f3d,05b7e5be-de73-f17e-741b-296a3a49a452,706298007,Dental x-ray system (physical object),(01)47283598104606(11)080125(17)330208(10)454398162112(21)301650974587
2008-05-08T18:02:03Z,2008-05-08T18:02:03Z,05b7e5be-de73-f17e-4062-904498891f3d,05b7e5be-de73-f17e-dc6a-63e54d8dbfef,706298007,Dental x-ray system (physical object),(01)56061712466185(11)080417(17)330502(10)688261(21)51419
1982-11-15T10:20:04Z,,d010cebc-bfcf-7b46-915f-253c0897dace,d010cebc-bfcf-7b46-2104-08a2d77444e8,225738002,Operating room (environment),(01)68880205419586(11)821025(17)071109(10)2162504353(21)86951742
2009-03-05T18:23:46Z,2009-03-05T18:23:46Z,05b7e5be-de73-f17e-4062-904498891f3d,05b7e5be-de73-f17e-a44f-9e713785ce98,706298007,Dental x-ray system (physical object),(01)19244650961629(11)090212(17)340227(10)8203120079815(21)5118740444882183
2009-04-02T18:41:25Z,2009-04-02T18:41:25Z,05b7e5be-de73-f17e-4062-904498891f3d,05b7e5be-de73-f17e-4398-d2944e9ae1f6,706298007,Dental x-ray system (physical object),(01)15958487146060(11)090313(17)340328(10)2465572809682109(21)467540111348062
2009-06-04T17:55:59Z,2009-06-04T17:55:59Z,05b7e5be-de73-f17e-4062-904498891f3d,05b7e5be-de73-f17e-0926-e06bc5f006f1,706298007,Dental x-ray system (physical object),(01)18126991210856(11)090514(17)340529(10)852231925427(21)7234042105176
2009-06-04T17:55:59Z,2009-06-04T19:18:11Z,05b7e5be-de73-f17e-4062-904498891f3d,05b7e5be-de73-f17e-0926-e06bc5f006f1,225738002,Operating room (environment),(01)30683229944494(11)090514(17)340529(10)7225(21)546565
1983-10-17T09:52:48Z,1983-10-17T09:52:48Z,d010cebc-bfcf-7b46-915f-253c0897dace,d010cebc-bfcf-7b46-a0ce-c8c4b70d0bbd,706298007,Dental x-ray system (physical object),(01)65327730808559(11)830926(17)081010(10)1218004467917842657(21)624400
2009-09-03T18:19:33Z,2009-09-03T18:19:33Z,05b7e5be-de73-f17e-4062-904498891f3d,05b7e5be-de73-f17e-b6c3-53fd4f55a1e9,706298007,Dental x-ray system (physical object),(01)85569331073736(11)090813(17)340828(10)8732(21)9222
2009-09-17T16:16:05Z,2012-02-09T16:16:05Z,05b7e5be-de73-f17e-4062-904498891f3d,05b7e5be-de73-f17e-34f3-8f762c5c5742,336621006,Oxygen concentrator (physical object),(01)61016780649861(11)090827(17)340911(10)296122046486083(21)7120
2009-09-17T16:16:05Z,2011-02-10T16:16:05Z,05b7e5be-de73-f17e-4062-904498891f3d,05b7e5be-de73-f17e-34f3-8f762c5c5742,261323006,Portable oxygen cylinder (physical object),(01)37002600235047(11)090827(17)340911(10)2545524194(21)1868716602
1984-03-29T07:49:49Z,1984-04-25T07:49:49Z,d010cebc-bfcf-7b46-915f-253c0897dace,d010cebc-bfcf-7b46-2b6b-f46d7d173048,228869008,Manual wheelchair (physical object),(01)41493937590255(11)840308(17)090323(10)3062(21)8626240185660
1984-06-11T10:35:50Z,1984-06-11T10:35:50Z,d010cebc-bfcf-7b46-915f-253c0897dace,d010cebc-bfcf-7b46-e4b2-e7b5a95300ef,706298007,Dental x-ray system (physical object),(01)58016008560989(11)840521(17)090605(10)1724001139697036213(21)281175121
2010-04-01T18:35:01Z,2010-04-01T18:35:01Z,05b7e5be-de73-f17e-4062-904498891f3d,05b7e5be-de73-f17e-5f24-931b12ff3903,706298007,Dental x-ray system (physical object),(01)78704028872930(11)100312(17)350327(10)2134745336074926835(21)5648409381
2010-04-29T17:52:49Z,2010-04-29T17:52:49Z,05b7e5be-de73-f17e-4062-904498891f3d,05b7e5be-de73-f17e-c15c-44592e68d430,706298007,Dental x-ray system (physical object),(01)75189328466329(11)100408(17)350423(10)79942163670587(21)8280844
2010-09-23T18:31:12Z,2010-09-23T18:31:12Z,05b7e5be-de73-f17e-4062-904498891f3d,05b7e5be-de73-f17e-896c-6a9bb1e27d57,706298007,Dental x-ray system (physical object),(01)46570171888480(11)100903(17)350918(10)146671991357885(21)79417711524095
2010-10-28T17:52:31Z,2010-10-28T17:52:31Z,05b7e5be-de73-f17e-4062-904498891f3d,05b7e5be-de73-f17e-cf89-85c0a708a81c,706298007,Dental x-ray system (physical object),(01)25922379855113(11)101007(17)351022(10)44395099143(21)3516130703803299070
2011-02-10T16:16:05Z,2013-11-07T16:16:05Z,05b7e5be-de73-f17e-4062-904498891f3d,05b7e5be-de73-f17e-4077-ff38fd6f8ea5,261323006,Portable oxygen cylinder (physical object),(01)91789671587513(11)110120(17)360204(10)1241430134(21)7646093
2011-02-17T18:02:28Z,2011-02-17T18:02:28Z,05b7e5be-de73-f17e-4062-904498891f3d,05b7e5be-de73-f17e-87b3-d4ab9ac7e71d,706298007,Dental x-ray system (physical object),(01)12190542095634(11)110127(17)360211(10)9186076741860(21)462540319026456311
2012-02-09T16:16:05Z,2013-11-07T16:16:05Z,05b7e5be-de73-f17e-4062-904498891f3d,05b7e5be-de73-f17e-109e-c60a4ce7713b,336621006,Oxygen concentrator (physical object),(01)82033731099476(11)120119(17)370202(10)70783417142417(21)31626357750
2012-03-22T17:20:16Z,2012-03-22T17:20:16Z,05b7e5be-de73-f17e-4062-904498891f3d,05b7e5be-de73-f17e-5196-7eaf45eaf184,706298007,Dental x-ray system (physical object),(01)37361316170329(11)120301(17)370316(10)7645733342663(21)650504926508
2012-04-26T18:15:24Z,2012-04-26T18:15:24Z,05b7e5be-de73-f17e-4062-904498891f3d,05b7e5be-de73-f17e-f6b5-9eb14e96ab53,706298007,Dental x-ray system (physical object),(01)55480692895445(11)120405(17)370420(10)162917009709613(21)66087760
2013-11-07T16:16:05Z,,05b7e5be-de73-f17e-4062-904498891f3d,05b7e5be-de73-f17e-94f2-729f38c4da93,336621006,Oxygen concentrator (physical object),(01)39523316124337(11)131017(17)381101(10)22478368116867550(21)449889513656377
2013-11-07T16:16:05Z,,05b7e5be-de73-f17e-4062-904498891f3d,05b7e5be-de73-f17e-94f2-729f38c4da93,261323006,Portable oxygen cylinder (physical object),(01)95479174204378(11)131017(17)381101(10)5741(21)4506737970138
2013-12-12T16:16:05Z,2013-12-26T16:16:05Z,05b7e5be-de73-f17e-4062-904498891f3d,05b7e5be-de73-f17e-33a2-90266276c630,91537007,Hospital bed  device (physical object),(01)34746274610337(11)131121(17)381206(10)844070295(21)2829566885359
2005-05-20T05:48:34Z,,bc655780-d180-8e89-10ce-acf0f76864bc,bc655780-d180-8e89-73a3-c7ccfc7c4248,337414009,Blood glucose meter (physical object),(01)52583748758524(11)050429(17)300514(10)3126105996066418(21)22707
2020-07-17T07:37:17Z,2020-07-17T07:37:17Z,bc655780-d180-8e89-10ce-acf0f76864bc,bc655780-d180-8e89-3055-5694b35569f9,706298007,Dental x-ray system (physical object),(01)91902522601444(11)200626(17)450711(10)763292088939(21)38754789517174
2023-04-07T08:46:21Z,2023-04-07T08:46:21Z,bc655780-d180-8e89-10ce-acf0f76864bc,bc655780-d180-8e89-5629-aacd80549489,706298007,Dental x-ray system (physical object),(01)28477215513552(11)230317(17)480331(10)2859330(21)6839202454317781889
2024-08-09T08:25:40Z,,bc655780-d180-8e89-10ce-acf0f76864bc,bc655780-d180-8e89-3873-7a0ebb85eafd,225738002,Operating room (environment),(01)11815687592038(11)240719(17)490803(10)4886077(21)504502299272016241
2025-08-15T07:37:04Z,2025-08-15T07:37:04Z,bc655780-d180-8e89-10ce-acf0f76864bc,bc655780-d180-8e89-b068-f004927a7ea7,706298007,Dental x-ray system (physical object),(01)88948019446228(11)250725(17)500809(10)30228058816(21)230617964
2018-10-26T17:13:35Z,2018-10-26T17:13:35Z,46057deb-59ac-5640-1603-c1073a785e41,46057deb-59ac-5640-5451-4e3988254f8b,706298007,Dental x-ray system (physical object),(01)30149846816995(11)181005(17)431020(10)7182780(21)343466314678
2020-11-06T17:34:16Z,2020-11-06T17:34:16Z,46057deb-59ac-5640-1603-c1073a785e41,46057deb-59ac-5640-aa66-fc69cad6b973,706298007,Dental x-ray system (physical object),(01)56116123032848(11)201016(17)451031(10)94556(21)16919469569002850
2022-01-19T12:19:02Z,,46057deb-59ac-5640-1603-c1073a785e41,46057deb-59ac-5640-7fd5-70a7f67d05d4,170615005,Home nebulizer (physical object),(01)44736463413922(11)221229(17)470113(10)906839464166251(21)621232774720926661
2024-06-03T13:19:13Z,,17b7f4d8-fa72-c4e8-0eeb-debe0114ad4b,17b7f4d8-fa72-c4e8-7196-41de9bceefba,170615005,Home nebulizer (physical object),(01)20068178600784(11)240513(17)490528(10)54001710(21)395579
2024-06-17T15:15:51Z,2024-06-17T15:15:51Z,17b7f4d8-fa72-c4e8-0eeb-debe0114ad4b,17b7f4d8-fa72-c4e8-ebf5-5083d070ec65,706298007,Dental x-ray system (physical object),(01)54105929815171(11)240527(17)490611(10)113089(21)3987881651049187254
2025-02-14T17:12:25Z,2025-02-14T17:12:25Z,46057deb-59ac-5640-1603-c1073a785e41,46057deb-59ac-5640-2ce1-516935751794,706298007,Dental x-ray system (physical object),(01)47849664233871(11)250124(17)500208(10)7985(21)230826860173
2002-10-22T15:54:31Z,,468cc0ea-f014-7cf2-7969-105b80da1fe1,468cc0ea-f014-7cf2-b9b5-2ad6e2d95b12,1255320005,Wheeled walker (physical object),(01)49724756565453(11)021001(17)271016(10)760901(21)665035
2008-08-03T19:54:31Z,,468cc0ea-f014-7cf2-7969-105b80da1fe1,468cc0ea-f014-7cf2-795c-881a8452a5fa,170615005,Home nebulizer (physical object),(01)41223580191247(11)080714(17)330729(10)6091882542728573(21)728924252
2022-01-02T16:30:08Z,,f31c7028-5a97-6668-fb3a-9d8ec83b56a2,f31c7028-5a97-6668-6dac-5f27179b6243,337414009,Blood glucose meter (physical object),(01)84587372089604(11)211212(17)461227(10)5425189951995098870(21)803662139720451
2017-10-17T18:24:06Z,2017-10-17T18:24:06Z,468cc0ea-f014-7cf2-7969-105b80da1fe1,468cc0ea-f014-7cf2-7b66-06bf6eeb3f2b,706298007,Dental x-ray system (physical object),(01)52005430673462(11)170926(17)421011(10)94894219521(21)629093462682528013
2017-10-17T18:24:06Z,2017-10-17T19:53:09Z,468cc0ea-f014-7cf2-7969-105b80da1fe1,468cc0ea-f014-7cf2-7b66-06bf6eeb3f2b,225738002,Operating room (environment),(01)67459755738794(11)170926(17)421011(10)77729050(21)66393575
2018-03-06T18:36:25Z,2018-03-06T18:36:25Z,468cc0ea-f014-7cf2-7969-105b80da1fe1,468cc0ea-f014-7cf2-df28-251017956933,706298007,Dental x-ray system (physical object),(01)39810085868253(11)180214(17)430301(10)6966(21)4562602189
2018-03-06T19:12:58Z,,468cc0ea-f014-7cf2-7969-105b80da1fe1,468cc0ea-f014-7cf2-df28-251017956933,225738002,Operating room (environment),(01)86228629260462(11)180214(17)430301(10)7774514706604264284(21)23116
2019-10-29T18:57:59Z,,468cc0ea-f014-7cf2-7969-105b80da1fe1,468cc0ea-f014-7cf2-994c-5a6d106b6058,225738002,Operating room (environment),(01)32458510966507(11)191009(17)441023(10)8702633(21)5390829
2020-11-10T18:32:22Z,2020-11-10T18:32:22Z,468cc0ea-f014-7cf2-7969-105b80da1fe1,468cc0ea-f014-7cf2-2aba-487691f37da0,706298007,Dental x-ray system (physical object),(01)59472031690054(11)201021(17)451105(10)32633518746(21)461958503
2025-06-23T16:30:08Z,2025-07-03T16:30:08Z,f31c7028-5a97-6668-fb3a-9d8ec83b56a2,f31c7028-5a97-6668-29c7-47da7c8a1ce4,228869008,Manual wheelchair (physical object),(01)56678300058104(11)250602(17)500617(10)58624513334186665(21)4600734929337224
2005-10-12T23:17:57Z,,4c9a38ba-1b90-08ea-0348-09f092bf8e22,4c9a38ba-1b90-08ea-ee1b-312f82a4b8d4,337414009,Blood glucose meter (physical object),(01)44011724143813(11)050922(17)301007(10)8927881031(21)1295020
2010-11-25T07:13:59Z,,af335136-3948-4cf9-ac0d-00eca37a5b5f,af335136-3948-4cf9-2741-5ac475ecc4d0,337414009,Blood glucose meter (physical object),(01)49115635829267(11)101104(17)351119(10)5017637822358144130(21)6443857
2017-01-12T09:39:10Z,2017-01-12T09:39:10Z,af335136-3948-4cf9-ac0d-00eca37a5b5f,af335136-3948-4cf9-9830-6b3cd82722df,706298007,Dental x-ray system (physical object),(01)31437805285300(11)161222(17)420106(10)814518388(21)639932501197704155
2018-01-18T09:17:03Z,2018-01-18T09:17:03Z,af335136-3948-4cf9-ac0d-00eca37a5b5f,af335136-3948-4cf9-6a35-60b06e5d4675,706298007,Dental x-ray system (physical object),(01)82105224800545(11)171228(17)430112(10)5523097908493666(21)3973
2019-01-24T09:18:07Z,2019-01-24T09:18:07Z,af335136-3948-4cf9-ac0d-00eca37a5b5f,af335136-3948-4cf9-fbf9-113603fc4872,706298007,Dental x-ray system (physical object),(01)80566358407977(11)190103(17)440118(10)2719156689206(21)1368637074506
2023-12-28T20:17:57Z,,4c9a38ba-1b90-08ea-0348-09f092bf8e22,4c9a38ba-1b90-08ea-595e-e1f03b67478d,170615005,Home nebulizer (physical object),(01)87387039066546(11)231208(17)481222(10)2628(21)47034147652419035
1998-12-21T04:50:09Z,,feeb1b1d-ec6b-cf5d-085e-d02e155289b8,feeb1b1d-ec6b-cf5d-e540-fb2d7d1010d2,170615005,Home nebulizer (physical object),(01)28369718484717(11)981130(17)231215(10)829387763670(21)547351
2004-12-14T06:50:09Z,,feeb1b1d-ec6b-cf5d-085e-d02e155289b8,feeb1b1d-ec6b-cf5d-2e19-146b4dd66aab,337414009,Blood glucose meter (physical object),(01)98668786210566(11)041123(17)291208(10)58318711(21)2984588795046
2023-02-16T09:01:45Z,2023-02-16T09:01:45Z,af335136-3948-4cf9-ac0d-00eca37a5b5f,af335136-3948-4cf9-c843-1ab5f6a713f6,706298007,Dental x-ray system (physical object),(01)55048309470902(11)230126(17)480210(10)806592723032739(21)213900125456389
2026-05-07T01:59:52Z,,4c9a38ba-1b90-08ea-0348-09f092bf8e22,4c9a38ba-1b90-08ea-1992-553648e35f86,225738002,Operating room (environment),(01)52183726934921(11)260416(17)510501(10)7077(21)5550143529480961
2017-09-05T08:45:15Z,2017-09-05T08:45:15Z,feeb1b1d-ec6b-cf5d-085e-d02e155289b8,feeb1b1d-ec6b-cf5d-f9b3-d677b80bbc68,706298007,Dental x-ray system (physical object),(01)29024161957891(11)170815(17)420830(10)1204154124626(21)21523751118587540
2022-09-20T08:53:57Z,2022-09-20T08:53:57Z,feeb1b1d-ec6b-cf5d-085e-d02e155289b8,feeb1b1d-ec6b-cf5d-6255-3195e49f9704,706298007,Dental x-ray system (physical object),(01)53619511776901(11)220830(17)470914(10)3466257619246343(21)8737526647352
2022-09-20T09:44:29Z,,feeb1b1d-ec6b-cf5d-085e-d02e155289b8,feeb1b1d-ec6b-cf5d-6255-3195e49f9704,225738002,Operating room (environment),(01)19084945285554(11)220830(17)470914(10)7824508573919(21)4718
2025-05-20T08:39:07Z,2025-05-20T08:39:07Z,feeb1b1d-ec6b-cf5d-085e-d02e155289b8,feeb1b1d-ec6b-cf5d-c30e-4d55d6a39f00,706298007,Dental x-ray system (physical object),(01)61495116518100(11)250429(17)500514(10)3955129(21)453522732654241
2026-05-06T07:57:57Z,2026-06-09T07:57:57Z,af335136-3948-4cf9-ac0d-00eca37a5b5f,af335136-3948-4cf9-9f07-b8180e97138c,228869008,Manual wheelchair (physical object),(01)39639150061983(11)260415(17)510430(10)78631766083(21)7945104169197358
2016-11-08T00:39:04Z,,1cc2931c-398e-5a75-6c92-9f75362371dc,1cc2931c-398e-5a75-4104-b6e3d11553f8,170615005,Home nebulizer (physical object),(01)82834212326488(11)161018(17)411102(10)76258694402054509(21)3757556754003
1982-05-22T05:58:45Z,,baff594d-6970-6db6-0f64-c28006346063,baff594d-6970-6db6-5488-e33afebb383f,706298007,Dental x-ray system (physical object),(01)96529085227394(11)820501(17)070516(10)421183901640063(21)1493247499937533515
2018-04-14T07:40:35Z,2018-04-14T07:40:35Z,baff594d-6970-6db6-0f64-c28006346063,baff594d-6970-6db6-5adb-f40c0150b9e4,706298007,Dental x-ray system (physical object),(01)47320780487646(11)180324(17)430408(10)10824927(21)39539923254
2019-04-20T07:40:24Z,2019-04-20T07:40:24Z,baff594d-6970-6db6-0f64-c28006346063,baff594d-6970-6db6-a1fe-23735211399c,706298007,Dental x-ray system (physical object),(01)57099315932088(11)190330(17)440413(10)35458(21)98522
2021-09-01T13:43:07Z,,baff594d-6970-6db6-0f64-c28006346063,baff594d-6970-6db6-642c-69222abcafd6,706298007,Dental x-ray system (physical object),(01)11959270290858(11)210811(17)460826(10)3098951(21)5746799865119
2021-09-15T14:24:31Z,,baff594d-6970-6db6-0f64-c28006346063,baff594d-6970-6db6-5dd6-64a26b5fd1a1,8060009,Denture  device (physical object),(01)65435146648052(11)210825(17)460909(10)30222063(21)21145
2024-05-18T07:46:08Z,2024-05-18T07:46:08Z,baff594d-6970-6db6-0f64-c28006346063,baff594d-6970-6db6-5c79-3b528ec24fec,706298007,Dental x-ray system (physical object),(01)45896695259029(11)240427(17)490512(10)4186653814983426997(21)91948851768
2002-11-28T16:16:05Z,,8fdd0585-8411-4278-e978-da29997b8658,8fdd0585-8411-4278-0db2-ac873466aa55,337414009,Blood glucose meter (physical object),(01)83917523103492(11)021107(17)271122(10)776476(21)404417466929952769
2022-06-15T09:30:09Z,2022-06-15T09:30:09Z,1cc2931c-398e-5a75-6c92-9f75362371dc,1cc2931c-398e-5a75-688f-e45198aae2ad,706298007,Dental x-ray system (physical object),(01)45567887537425(11)220525(17)470609(10)3225894(21)6796328045
2023-06-21T09:50:05Z,2023-06-21T09:50:05Z,1cc2931c-398e-5a75-6c92-9f75362371dc,1cc2931c-398e-5a75-7355-473fff6f6fbe,706298007,Dental x-ray system (physical object),(01)74435273565585(11)230531(17)480614(10)145619068240070(21)74077
2018-04-20T11:16:05Z,,8fdd0585-8411-4278-e978-da29997b8658,8fdd0585-8411-4278-c7a3-f3c0e2dcac0d,170615005,Home nebulizer (physical object),(01)76702598028078(11)180330(17)430414(10)83756092(21)569833770198642337
2026-05-30T09:02:27Z,,baff594d-6970-6db6-0f64-c28006346063,baff594d-6970-6db6-de1a-cfe338bde018,225738002,Operating room (environment),(01)82321501491063(11)260509(17)510524(10)553756605522(21)866487833466191
2024-06-26T09:20:49Z,2024-06-26T09:20:49Z,1cc2931c-398e-5a75-6c92-9f75362371dc,1cc2931c-398e-5a75-20dd-40a1dd934e47,706298007,Dental x-ray system (physical object),(01)24100576359706(11)240605(17)490620(10)418955903518004(21)77833728
2024-06-26T10:15:38Z,,1cc2931c-398e-5a75-6c92-9f75362371dc,1cc2931c-398e-5a75-20dd-40a1dd934e47,225738002,Operating room (environment),(01)37371273107022(11)240605(17)490620(10)9216(21)4096970945965762
2025-10-30T18:24:40Z,2025-10-30T18:24:40Z,8fdd0585-8411-4278-e978-da29997b8658,8fdd0585-8411-4278-4ffa-dc2af78647d8,706298007,Dental x-ray system (physical object),(01)22544761762099(11)251009(17)501024(10)5330449777158(21)670870744695404
1948-12-27T21:42:39Z,2022-10-13T21:42:39Z,c14702e9-044c-2aba-c4bb-c64ba7c7e020,c14702e9-044c-2aba-823b-d38e4423e898,170615005,Home nebulizer (physical object),(01)87228468258074(11)481207(17)731222(10)53213935(21)193434584051
2016-09-22T23:45:42Z,2016-09-22T23:45:42Z,c14702e9-044c-2aba-c4bb-c64ba7c7e020,c14702e9-044c-2aba-1871-45fd7015cb44,706298007,Dental x-ray system (physical object),(01)33616320386759(11)160902(17)410917(10)38432318(21)44496562840142231
2017-09-28T23:26:51Z,2017-09-28T23:26:51Z,c14702e9-044c-2aba-c4bb-c64ba7c7e020,c14702e9-044c-2aba-c3e3-3fc19680f496,706298007,Dental x-ray system (physical object),(01)89536934749909(11)170908(17)420923(10)15278(21)72270
2020-10-16T00:07:05Z,2020-10-16T00:07:05Z,c14702e9-044c-2aba-c4bb-c64ba7c7e020,c14702e9-044c-2aba-11ce-8610b495047b,706298007,Dental x-ray system (physical object),(01)87929422776576(11)200925(17)451010(10)14545550613067(21)60133
2022-10-13T21:42:39Z,,c14702e9-044c-2aba-c4bb-c64ba7c7e020,c14702e9-044c-2aba-d9b8-4954f34bddfd,170615005,Home nebulizer (physical object),(01)76332910294716(11)220923(17)471008(10)842879641(21)174824157
1999-11-29T07:49:49Z,,6527332f-1a57-d3f4-9855-4786f6c07ebc,6527332f-1a57-d3f4-8f55-bffc3830ace9,337414009,Blood glucose meter (physical object),(01)65382531556559(11)991108(17)241122(10)156192747(21)34225813989
2023-10-19T21:42:39Z,,c14702e9-044c-2aba-c4bb-c64ba7c7e020,c14702e9-044c-2aba-81e9-4f32c53681ae,336621006,Oxygen concentrator (physical object),(01)67270912976753(11)230929(17)481013(10)36233423798574291(21)2887581471832
2023-10-19T21:42:39Z,,c14702e9-044c-2aba-c4bb-c64ba7c7e020,c14702e9-044c-2aba-81e9-4f32c53681ae,261323006,Portable oxygen cylinder (physical object),(01)72261607522404(11)230929(17)481013(10)4545535512402744(21)771323
2018-10-15T09:53:41Z,2018-10-15T09:53:41Z,6527332f-1a57-d3f4-9855-4786f6c07ebc,6527332f-1a57-d3f4-da50-6cce8076ce8c,706298007,Dental x-ray system (physical object),(01)89830422954308(11)180924(17)431009(10)758237309369(21)36393078161
2021-11-01T09:33:27Z,2021-11-01T09:33:27Z,6527332f-1a57-d3f4-9855-4786f6c07ebc,6527332f-1a57-d3f4-ae00-4a1f3ba18e12,706298007,Dental x-ray system (physical object),(01)62321556651743(11)211011(17)461026(10)648712925(21)57491
2021-11-01T10:12:34Z,,6527332f-1a57-d3f4-9855-4786f6c07ebc,6527332f-1a57-d3f4-ae00-4a1f3ba18e12,225738002,Operating room (environment),(01)52695885780078(11)211011(17)461026(10)75809874(21)908776
2022-11-07T09:47:18Z,2022-11-07T09:47:18Z,6527332f-1a57-d3f4-9855-4786f6c07ebc,6527332f-1a57-d3f4-005d-17806c553005,706298007,Dental x-ray system (physical object),(01)53738689022766(11)221017(17)471101(10)755424285056110150(21)84697717127727293
2024-11-18T09:57:31Z,2024-11-18T09:57:31Z,6527332f-1a57-d3f4-9855-4786f6c07ebc,6527332f-1a57-d3f4-8a23-ca9bb24708a8,706298007,Dental x-ray system (physical object),(01)83019513511248(11)241028(17)491112(10)1142326712178361077(21)4795108
1985-07-21T17:57:29Z,,7ea7e50d-0705-3198-c90a-17b6354014b4,7ea7e50d-0705-3198-71c8-e2544d8b10e3,337414009,Blood glucose meter (physical object),(01)38048600120420(11)850630(17)100715(10)463825752218870793(21)53480489060330
1988-08-14T18:28:52Z,,7ea7e50d-0705-3198-c90a-17b6354014b4,7ea7e50d-0705-3198-6bc9-bcc43f262338,706298007,Dental x-ray system (physical object),(01)91182635388544(11)880724(17)130808(10)1479(21)2415
2018-07-22T20:03:07Z,2018-07-22T20:03:07Z,7ea7e50d-0705-3198-c90a-17b6354014b4,7ea7e50d-0705-3198-cc53-e0d5bd25f329,706298007,Dental x-ray system (physical object),(01)29334194984738(11)180702(17)430717(10)528773293708253536(21)6599523544
2021-09-27T06:29:31Z,2021-09-27T06:29:31Z,f0984ea7-3ae5-586c-e156-4cdb2092e258,f0984ea7-3ae5-586c-c9c1-efff27201844,706298007,Dental x-ray system (physical object),(01)10313480990311(11)210906(17)460921(10)5125889252244761(21)57625682066
2019-07-28T19:57:39Z,2019-07-28T19:57:39Z,7ea7e50d-0705-3198-c90a-17b6354014b4,7ea7e50d-0705-3198-44e0-5a4fa52a2392,706298007,Dental x-ray system (physical object),(01)59332089592483(11)190708(17)440722(10)80190097338160318(21)86774969283175
2019-10-10T02:17:40Z,,7ea7e50d-0705-3198-c90a-17b6354014b4,7ea7e50d-0705-3198-ba1b-b8f17eb983f3,706298007,Dental x-ray system (physical object),(01)77300298246194(11)190919(17)441003(10)6290885547522961374(21)570851
2019-10-24T02:56:55Z,,7ea7e50d-0705-3198-c90a-17b6354014b4,7ea7e50d-0705-3198-83f9-b32ed0b40547,8060009,Denture  device (physical object),(01)64242271526490(11)191003(17)441017(10)51223(21)56007532208956
2022-11-01T04:43:23Z,2022-11-22T04:43:23Z,f0984ea7-3ae5-586c-e156-4cdb2092e258,f0984ea7-3ae5-586c-976b-b437ff658d0c,228869008,Manual wheelchair (physical object),(01)64512218182633(11)221011(17)471026(10)15619489801(21)739504556625694
2022-05-08T17:57:29Z,2022-07-16T17:57:29Z,7ea7e50d-0705-3198-c90a-17b6354014b4,7ea7e50d-0705-3198-2af4-68f6a8a903bb,91537007,Hospital bed  device (physical object),(01)39362377861830(11)220417(17)470502(10)3909355(21)7348151378
2023-08-27T20:21:59Z,2023-08-27T20:21:59Z,7ea7e50d-0705-3198-c90a-17b6354014b4,7ea7e50d-0705-3198-bac9-2760e5e54667,706298007,Dental x-ray system (physical object),(01)28571997275213(11)230807(17)480821(10)8155208892538(21)3892943218
2025-08-31T20:46:14Z,,7ea7e50d-0705-3198-c90a-17b6354014b4,7ea7e50d-0705-3198-5e38-82f8638148bf,225738002,Operating room (environment),(01)13160306522003(11)250811(17)500826(10)75153493872(21)579522524
1990-02-15T12:04:34Z,,d17fc9e8-0eeb-0594-00cb-4bdb2caf1b17,d17fc9e8-0eeb-0594-3bfd-832ce9a33a5d,170615005,Home nebulizer (physical object),(01)83897853821931(11)900125(17)150209(10)796052397038(21)4451701
2020-02-13T16:52:56Z,,d17fc9e8-0eeb-0594-00cb-4bdb2caf1b17,d17fc9e8-0eeb-0594-6492-44a848c9d6cf,225738002,Operating room (environment),(01)71589255030776(11)200123(17)450206(10)4849445(21)40996973
2021-02-18T15:31:03Z,2021-02-18T15:31:03Z,d17fc9e8-0eeb-0594-00cb-4bdb2caf1b17,d17fc9e8-0eeb-0594-b8c0-63cf377251d0,706298007,Dental x-ray system (physical object),(01)75209737491593(11)210128(17)460212(10)4842743(21)819041280780
2021-09-23T14:04:34Z,2021-09-29T14:04:34Z,d17fc9e8-0eeb-0594-00cb-4bdb2caf1b17,d17fc9e8-0eeb-0594-3c1b-64ab26a9f0bb,91537007,Hospital bed  device (physical object),(01)22387021613176(11)210902(17)460917(10)2418508910189507(21)150496591035570262
2025-03-13T16:00:09Z,2025-03-13T16:00:09Z,d17fc9e8-0eeb-0594-00cb-4bdb2caf1b17,d17fc9e8-0eeb-0594-9f8a-d522d1297cd5,706298007,Dental x-ray system (physical object),(01)27510704767095(11)250220(17)500307(10)334257253190925(21)1965307
2025-09-18T16:35:23Z,2025-09-18T16:35:23Z,d17fc9e8-0eeb-0594-00cb-4bdb2caf1b17,d17fc9e8-0eeb-0594-b1ad-67b0326e7e7b,706298007,Dental x-ray system (physical object),(01)46541780692313(11)250828(17)500912(10)5551174472648854210(21)2598
2025-09-18T17:17:17Z,,d17fc9e8-0eeb-0594-00cb-4bdb2caf1b17,d17fc9e8-0eeb-0594-b1ad-67b0326e7e7b,225738002,Operating room (environment),(01)50762631924068(11)250828(17)500912(10)7452592242(21)216796610654047560
2004-04-25T13:07:26Z,,a2138018-f4ce-f725-62eb-4f5f47bbd032,a2138018-f4ce-f725-1b91-c9b59eb7173c,337414009,Blood glucose meter (physical object),(01)16814703007142(11)040404(17)290419(10)54210(21)8851178045702300
2005-05-15T15:11:00Z,2005-05-15T15:11:00Z,a2138018-f4ce-f725-62eb-4f5f47bbd032,a2138018-f4ce-f725-e5f8-7a1f06f9a5c7,706298007,Dental x-ray system (physical object),(01)85838563622749(11)050424(17)300509(10)55936442(21)546090609560597
2019-03-31T15:51:37Z,2019-03-31T15:51:37Z,34c8e2a4-fb73-3def-c1bc-ca3bcc6e1445,34c8e2a4-fb73-3def-aaab-7ffb262fe631,706298007,Dental x-ray system (physical object),(01)45806127292908(11)190310(17)440324(10)529313596234843710(21)2535646491713075
2007-05-27T14:40:03Z,2007-05-27T15:51:58Z,a2138018-f4ce-f725-62eb-4f5f47bbd032,a2138018-f4ce-f725-deee-b0cf77130f12,225738002,Operating room (environment),(01)47479151039664(11)070506(17)320520(10)15735572917902444(21)262641284715310
1985-06-22T14:08:50Z,1985-06-22T21:19:50Z,ea86267d-2e14-f6bd-5e71-39cffe706487,ea86267d-2e14-f6bd-8d15-7993492f92cc,701077002,Respiratory apnea monitoring system (physical object),(01)45540752409607(11)850601(17)100616(10)167997(21)149120658267527016
1985-06-22T14:08:50Z,1985-06-22T21:19:50Z,ea86267d-2e14-f6bd-5e71-39cffe706487,ea86267d-2e14-f6bd-8d15-7993492f92cc,701100002,Polysomnography analyzer (physical object),(01)11268864959706(11)850601(17)100616(10)5337325494(21)26785287
1985-06-22T21:19:50Z,1989-07-15T12:01:55Z,ea86267d-2e14-f6bd-5e71-39cffe706487,ea86267d-2e14-f6bd-8d15-7993492f92cc,702172008,Home continuous positive airway pressure unit (physical object),(01)61474479480175(11)850602(17)100617(10)611985798997(21)7330
1985-06-22T21:19:50Z,1989-07-15T12:01:55Z,ea86267d-2e14-f6bd-5e71-39cffe706487,ea86267d-2e14-f6bd-8d15-7993492f92cc,706180003,Respiratory humidifier (physical object),(01)42528361108770(11)850602(17)100617(10)9022(21)20397019400
2002-06-22T12:32:17Z,,ea86267d-2e14-f6bd-5e71-39cffe706487,ea86267d-2e14-f6bd-d1e6-f8fb226a01c7,706298007,Dental x-ray system (physical object),(01)38812805092222(11)020601(17)270616(10)699923548(21)701260
2003-09-27T12:15:07Z,2005-10-15T12:21:45Z,ea86267d-2e14-f6bd-5e71-39cffe706487,ea86267d-2e14-f6bd-7d9d-38f75cf1f49f,702172008,Home continuous positive airway pressure unit (physical object),(01)10828795635079(11)030906(17)280920(10)3548(21)2326512237
2003-09-27T12:15:07Z,2005-10-15T12:21:45Z,ea86267d-2e14-f6bd-5e71-39cffe706487,ea86267d-2e14-f6bd-7d9d-38f75cf1f49f,706180003,Respiratory humidifier (physical object),(01)55226494536992(11)030906(17)280920(10)457970905424535(21)7648381
2004-04-22T07:12:49Z,,9c95f2d1-1be3-6ec4-3b57-bf4578ecbddd,9c95f2d1-1be3-6ec4-cdf7-a132c6cfff74,337414009,Blood glucose meter (physical object),(01)67178434811547(11)040401(17)290416(10)74076737(21)2397718607
2014-02-12T02:29:13Z,,d8bd0eaf-6ce1-cade-d956-898be0e341e1,d8bd0eaf-6ce1-cade-71b3-853e6949e53b,337414009,Blood glucose meter (physical object),(01)54405211423258(11)140122(17)390206(10)25896013395225721(21)2510130
2017-01-27T12:47:25Z,2017-01-27T12:47:25Z,af3c1204-22a1-f6bf-1147-8a7ab2b1103d,af3c1204-22a1-f6bf-418a-875f1d9b9859,706298007,Dental x-ray system (physical object),(01)64329072358864(11)170106(17)420121(10)853652237(21)4215116154193
1963-12-08T01:54:31Z,,9a42b88d-8834-708c-902f-684637f65d26,9a42b88d-8834-708c-4102-e2bcde4803f3,170615005,Home nebulizer (physical object),(01)46276441171588(11)631117(17)881201(10)519033(21)3999370861099768370
1993-11-16T15:54:31Z,,9a42b88d-8834-708c-902f-684637f65d26,9a42b88d-8834-708c-8566-5c33c318335b,337414009,Blood glucose meter (physical object),(01)16063636996061(11)931026(17)181110(10)4366(21)118034657
2023-04-23T15:37:00Z,2023-04-23T15:37:00Z,34c8e2a4-fb73-3def-c1bc-ca3bcc6e1445,34c8e2a4-fb73-3def-9d1c-3336155e90d7,706298007,Dental x-ray system (physical object),(01)73655326325744(11)230402(17)480416(10)6969669467317735(21)182116296820630
2023-04-23T16:12:21Z,,34c8e2a4-fb73-3def-c1bc-ca3bcc6e1445,34c8e2a4-fb73-3def-9d1c-3336155e90d7,225738002,Operating room (environment),(01)57209902423429(11)230402(17)480416(10)3208980875850222949(21)517244978806386
2004-10-22T15:54:31Z,,9a42b88d-8834-708c-902f-684637f65d26,9a42b88d-8834-708c-fe15-81dea167b33f,1255320005,Wheeled walker (physical object),(01)71734407495775(11)041001(17)291016(10)201201695628139(21)7826925093149
2010-04-05T00:43:58Z,,2c7af6cb-65c8-5de2-d4bc-f8fd45a38396,2c7af6cb-65c8-5de2-1227-138d21ba1ece,337414009,Blood glucose meter (physical object),(01)47285903198215(11)100315(17)350330(10)1874742427652224(21)672876044
2016-10-11T17:50:46Z,2016-10-11T17:50:46Z,9a42b88d-8834-708c-902f-684637f65d26,9a42b88d-8834-708c-f074-51e832fe7025,706298007,Dental x-ray system (physical object),(01)74591622256702(11)160920(17)411005(10)464647572(21)51105291206397458
2016-10-11T18:41:23Z,,9a42b88d-8834-708c-902f-684637f65d26,9a42b88d-8834-708c-f074-51e832fe7025,225738002,Operating room (environment),(01)70749877573175(11)160921(17)411006(10)40964(21)5643
2017-10-17T17:48:56Z,2017-10-17T17:48:56Z,9a42b88d-8834-708c-902f-684637f65d26,9a42b88d-8834-708c-a56b-3dc69f41ae67,706298007,Dental x-ray system (physical object),(01)50745802944466(11)170926(17)421011(10)781462491(21)29577752797401
2023-03-22T22:30:23Z,2023-03-22T22:30:23Z,5a8bdcd9-2afb-6598-75bd-bbe781bbd332,5a8bdcd9-2afb-6598-e39d-4c36bece93b2,706298007,Dental x-ray system (physical object),(01)10760324599739(11)230302(17)480316(10)6933244(21)418814166056956
2016-12-31T14:26:38Z,2016-12-31T14:26:38Z,ea86267d-2e14-f6bd-5e71-39cffe706487,ea86267d-2e14-f6bd-4c2f-1d0e26d40d1f,706298007,Dental x-ray system (physical object),(01)42060309432025(11)161210(17)411225(10)48603686117(21)691041477
2018-09-01T12:29:58Z,2022-01-15T12:15:26Z,ea86267d-2e14-f6bd-5e71-39cffe706487,ea86267d-2e14-f6bd-9282-82c305815d6c,702172008,Home continuous positive airway pressure unit (physical object),(01)17360913337410(11)180811(17)430826(10)29278160354(21)196026
2018-09-01T12:29:58Z,2022-01-15T12:15:26Z,ea86267d-2e14-f6bd-5e71-39cffe706487,ea86267d-2e14-f6bd-9282-82c305815d6c,706180003,Respiratory humidifier (physical object),(01)13010394346161(11)180811(17)430826(10)262237963919(21)36922148331664
2018-10-23T18:19:49Z,2018-10-23T18:19:49Z,9a42b88d-8834-708c-902f-684637f65d26,9a42b88d-8834-708c-054d-cb28ffe9d5d2,706298007,Dental x-ray system (physical object),(01)61359166717576(11)181002(17)431017(10)1351953961051787028(21)3286755
2018-09-15T13:49:09Z,2018-09-15T15:51:31Z,ea86267d-2e14-f6bd-5e71-39cffe706487,ea86267d-2e14-f6bd-4e89-e31b47e52126,225738002,Operating room (environment),(01)62222322199080(11)180825(17)430909(10)709518(21)709467
2024-03-27T20:24:05Z,2024-05-15T21:04:40Z,5a8bdcd9-2afb-6598-75bd-bbe781bbd332,5a8bdcd9-2afb-6598-1821-36e4d9845f02,228869008,Manual wheelchair (physical object),(01)29372730223342(11)240307(17)490322(10)216863(21)52090740493411
2024-03-27T20:24:05Z,2024-05-15T21:04:40Z,5a8bdcd9-2afb-6598-75bd-bbe781bbd332,5a8bdcd9-2afb-6598-1821-36e4d9845f02,705417005,Wheelchair accessory (physical object),(01)29787388663678(11)240307(17)490322(10)84170758040875(21)50690
2020-04-01T03:57:39Z,2020-04-01T03:57:39Z,d8bd0eaf-6ce1-cade-d956-898be0e341e1,d8bd0eaf-6ce1-cade-8965-3b196516a47f,706298007,Dental x-ray system (physical object),(01)77078187431711(11)200311(17)450326(10)1263532738(21)5188
2022-05-26T09:19:24Z,2022-05-26T09:19:24Z,9c95f2d1-1be3-6ec4-3b57-bf4578ecbddd,9c95f2d1-1be3-6ec4-d482-236cdfa26015,706298007,Dental x-ray system (physical object),(01)37424889149209(11)220505(17)470520(10)57986250462599702(21)48470
2020-11-03T19:02:51Z,,9a42b88d-8834-708c-902f-684637f65d26,9a42b88d-8834-708c-dc17-6a3eeb1cb695,225738002,Operating room (environment),(01)46101783737058(11)201014(17)451029(10)544736517(21)5473
2020-02-14T12:32:28Z,2020-02-14T12:32:28Z,af3c1204-22a1-f6bf-1147-8a7ab2b1103d,af3c1204-22a1-f6bf-e73b-1e41d7ab9a78,706298007,Dental x-ray system (physical object),(01)20717781804061(11)200124(17)450207(10)7354275(21)54419028
2026-04-08T22:33:55Z,2026-04-08T22:33:55Z,5a8bdcd9-2afb-6598-75bd-bbe781bbd332,5a8bdcd9-2afb-6598-b273-3f2eda39b50e,706298007,Dental x-ray system (physical object),(01)78232606674645(11)260319(17)510403(10)8035804(21)2759
2021-08-03T10:53:49Z,2025-08-24T08:57:42Z,1e71e7fa-2615-8e2f-350e-a3d436ae14c5,1e71e7fa-2615-8e2f-4fab-8241eebcb6c2,228869008,Manual wheelchair (physical object),(01)55504860687811(11)210713(17)460728(10)42502397613886(21)4096332
2021-08-03T10:53:49Z,2025-08-24T08:57:42Z,1e71e7fa-2615-8e2f-350e-a3d436ae14c5,1e71e7fa-2615-8e2f-4fab-8241eebcb6c2,705417005,Wheelchair accessory (physical object),(01)76362401610638(11)210713(17)460728(10)6504344148035020087(21)8012422142273704
2025-05-04T15:21:51Z,2025-05-04T15:21:51Z,34c8e2a4-fb73-3def-c1bc-ca3bcc6e1445,34c8e2a4-fb73-3def-d311-d1f8cfaf1459,706298007,Dental x-ray system (physical object),(01)89393322612656(11)250413(17)500428(10)7266074(21)573170509
2025-05-04T16:09:16Z,,34c8e2a4-fb73-3def-c1bc-ca3bcc6e1445,34c8e2a4-fb73-3def-d311-d1f8cfaf1459,225738002,Operating room (environment),(01)56813912577028(11)250413(17)500428(10)5627(21)86623794715124
2023-03-10T12:34:30Z,2023-03-10T12:34:30Z,af3c1204-22a1-f6bf-1147-8a7ab2b1103d,af3c1204-22a1-f6bf-5d60-ec3e9d45e019,706298007,Dental x-ray system (physical object),(01)69975448748551(11)230217(17)480303(10)90146676(21)2961
2023-03-10T13:08:57Z,,af3c1204-22a1-f6bf-1147-8a7ab2b1103d,af3c1204-22a1-f6bf-5d60-ec3e9d45e019,225738002,Operating room (environment),(01)69655376572819(11)230217(17)480303(10)7881(21)2026666525818
2020-08-24T14:22:59Z,,ea86267d-2e14-f6bd-5e71-39cffe706487,ea86267d-2e14-f6bd-f1c0-29695c72df9f,706298007,Dental x-ray system (physical object),(01)24842909228396(11)200803(17)450818(10)147162017921649957(21)891980108
2020-09-07T15:09:12Z,,ea86267d-2e14-f6bd-5e71-39cffe706487,ea86267d-2e14-f6bd-be3f-2caa4c1fccc0,8060009,Denture  device (physical object),(01)78556856720228(11)200817(17)450901(10)571268627785070(21)163489785
2010-06-13T15:49:01Z,,a2138018-f4ce-f725-62eb-4f5f47bbd032,a2138018-f4ce-f725-9108-31b114bdc002,225738002,Operating room (environment),(01)76338906249123(11)100523(17)350607(10)77406(21)2952892
2017-03-09T11:08:31Z,2017-04-26T11:08:31Z,f458574b-0d12-a938-da9f-61d63cecb09d,f458574b-0d12-a938-634d-4beb195fb618,228869008,Manual wheelchair (physical object),(01)81106668968619(11)170216(17)420303(10)674143(21)59745555
2024-03-15T14:07:23Z,,af3c1204-22a1-f6bf-1147-8a7ab2b1103d,af3c1204-22a1-f6bf-4683-79ef60d6635d,225738002,Operating room (environment),(01)88188062286548(11)240223(17)490309(10)634018217184990847(21)7886235671001041
2025-06-12T09:11:47Z,2025-06-12T09:11:47Z,9c95f2d1-1be3-6ec4-3b57-bf4578ecbddd,9c95f2d1-1be3-6ec4-bf17-e865806541f8,706298007,Dental x-ray system (physical object),(01)90292068367739(11)250522(17)500606(10)1012(21)480652482859
2025-02-20T10:36:02Z,2025-02-20T10:36:02Z,1e71e7fa-2615-8e2f-350e-a3d436ae14c5,1e71e7fa-2615-8e2f-61d5-f636fbfa8470,706298007,Dental x-ray system (physical object),(01)46680799222873(11)250130(17)500214(10)1383864069898865719(21)4821233
2025-08-24T08:57:42Z,,1e71e7fa-2615-8e2f-350e-a3d436ae14c5,1e71e7fa-2615-8e2f-dd58-bea4db6400e8,228869008,Manual wheelchair (physical object),(01)69362912390234(11)250803(17)500818(10)58508084801(21)87830666447081292
2025-08-24T08:57:42Z,,1e71e7fa-2615-8e2f-350e-a3d436ae14c5,1e71e7fa-2615-8e2f-dd58-bea4db6400e8,705417005,Wheelchair accessory (physical object),(01)84193149979628(11)250803(17)500818(10)587349591634470088(21)8796401061159972815
2017-05-11T13:01:40Z,2017-05-11T13:01:40Z,f458574b-0d12-a938-da9f-61d63cecb09d,f458574b-0d12-a938-d89f-433528c6f9cc,706298007,Dental x-ray system (physical object),(01)48405706035401(11)170420(17)420505(10)3580209842634618(21)17566086888137692
2017-05-11T13:35:29Z,,f458574b-0d12-a938-da9f-61d63cecb09d,f458574b-0d12-a938-d89f-433528c6f9cc,225738002,Operating room (environment),(01)14601156510212(11)170420(17)420505(10)1910883(21)7003459977
2018-07-02T15:15:10Z,2018-07-02T15:15:10Z,3c8dacc7-73e3-78cf-aa85-5242d5857e33,3c8dacc7-73e3-78cf-11ba-44a203afe4bb,706298007,Dental x-ray system (physical object),(01)55108033185560(11)180611(17)430626(10)33241(21)29029740334309454
2021-06-26T12:01:55Z,2021-07-09T12:01:55Z,ea86267d-2e14-f6bd-5e71-39cffe706487,ea86267d-2e14-f6bd-079e-d9ef6de2cafd,91537007,Hospital bed  device (physical object),(01)29564740986731(11)210605(17)460620(10)705867(21)834740
2025-01-16T05:18:32Z,2025-01-26T05:18:32Z,61e94b10-328c-d4e8-0a31-ca8c8a341670,61e94b10-328c-d4e8-2795-e8bd2a203a72,228869008,Manual wheelchair (physical object),(01)91204217563514(11)241226(17)500110(10)7087(21)4418609085243759
2022-11-15T18:12:39Z,,9a42b88d-8834-708c-902f-684637f65d26,9a42b88d-8834-708c-a603-7dc9a56fbe7d,225738002,Operating room (environment),(01)77098591868556(11)221025(17)471109(10)69980342610018(21)840239265
2019-05-23T13:39:31Z,,f458574b-0d12-a938-da9f-61d63cecb09d,f458574b-0d12-a938-9db2-e7f700271c46,225738002,Operating room (environment),(01)64474286813759(11)190502(17)440516(10)4990862552432(21)614440032
2021-06-03T12:54:00Z,2021-06-03T12:54:00Z,f458574b-0d12-a938-da9f-61d63cecb09d,f458574b-0d12-a938-de0c-422dd40628fc,706298007,Dental x-ray system (physical object),(01)21170901016360(11)210513(17)460528(10)4472294737(21)5792
2023-06-05T02:24:05Z,2023-06-05T02:24:05Z,2c7af6cb-65c8-5de2-d4bc-f8fd45a38396,2c7af6cb-65c8-5de2-490d-9cad6ec86f17,706298007,Dental x-ray system (physical object),(01)23557081931189(11)230515(17)480529(10)7400486(21)54011560536199084
2022-01-15T12:15:26Z,2026-02-07T12:28:53Z,ea86267d-2e14-f6bd-5e71-39cffe706487,ea86267d-2e14-f6bd-f124-5e4b75948b77,702172008,Home continuous positive airway pressure unit (physical object),(01)68178011735805(11)211225(17)470109(10)6766042(21)33811624698603
2022-01-15T12:15:26Z,2026-02-07T12:28:53Z,ea86267d-2e14-f6bd-5e71-39cffe706487,ea86267d-2e14-f6bd-f124-5e4b75948b77,706180003,Respiratory humidifier (physical object),(01)91133157222657(11)211225(17)470109(10)2020593582986600543(21)369691463025670
2022-06-16T12:48:36Z,2022-06-16T12:48:36Z,f458574b-0d12-a938-da9f-61d63cecb09d,f458574b-0d12-a938-05cc-ca1a4799949b,706298007,Dental x-ray system (physical object),(01)27095641317506(11)220526(17)470610(10)42617(21)72235860810867470
2023-11-21T17:42:53Z,2023-11-21T17:42:53Z,9a42b88d-8834-708c-902f-684637f65d26,9a42b88d-8834-708c-ecbe-96dc2b2a2584,706298007,Dental x-ray system (physical object),(01)43504451868413(11)231031(17)481114(10)550865604805(21)52567832782946
2022-08-01T12:46:27Z,2022-08-12T12:46:27Z,3c8dacc7-73e3-78cf-aa85-5242d5857e33,3c8dacc7-73e3-78cf-fc10-63bab27dbb1e,228869008,Manual wheelchair (physical object),(01)29130411964232(11)220711(17)470726(10)4307363678(21)8360
2023-07-03T14:45:50Z,2023-07-03T14:45:50Z,3c8dacc7-73e3-78cf-aa85-5242d5857e33,3c8dacc7-73e3-78cf-82b4-eb2ce1d8e949,706298007,Dental x-ray system (physical object),(01)50389610879740(11)230612(17)480626(10)565018653(21)74744
2025-02-15T14:05:38Z,2025-02-15T14:05:38Z,ea86267d-2e14-f6bd-5e71-39cffe706487,ea86267d-2e14-f6bd-2bb4-4993c36df75c,706298007,Dental x-ray system (physical object),(01)60748268081102(11)250125(17)500209(10)4484660541575(21)632934979508046243
2026-02-07T12:28:53Z,,ea86267d-2e14-f6bd-5e71-39cffe706487,ea86267d-2e14-f6bd-07d4-8b6797020aa4,702172008,Home continuous positive airway pressure unit (physical object),(01)29274113400164(11)260117(17)510201(10)830152190906(21)676365471804
2026-02-07T12:28:53Z,,ea86267d-2e14-f6bd-5e71-39cffe706487,ea86267d-2e14-f6bd-07d4-8b6797020aa4,706180003,Respiratory humidifier (physical object),(01)87756073384113(11)260117(17)510201(10)303425935122973(21)9131
2025-02-17T02:36:55Z,2025-02-17T02:36:55Z,2c7af6cb-65c8-5de2-d4bc-f8fd45a38396,2c7af6cb-65c8-5de2-50a1-ef57124f4444,706298007,Dental x-ray system (physical object),(01)90306122684687(11)250127(17)500211(10)43500481541092959(21)2419802
2000-10-18T21:05:08Z,,3c68f0c1-b29c-d2ce-c9a1-4910c4e6a1c9,3c68f0c1-b29c-d2ce-30b3-a72306915d11,170615005,Home nebulizer (physical object),(01)13007254980213(11)000928(17)251013(10)4494419118165398(21)87373
2012-05-06T17:05:08Z,,3c68f0c1-b29c-d2ce-c9a1-4910c4e6a1c9,3c68f0c1-b29c-d2ce-771e-4293d70fa777,337414009,Blood glucose meter (physical object),(01)25337576537592(11)120415(17)370430(10)377394536569(21)6564163104263292
2018-03-25T18:55:53Z,2018-03-25T18:55:53Z,3c68f0c1-b29c-d2ce-c9a1-4910c4e6a1c9,3c68f0c1-b29c-d2ce-2294-22f849bd1d1a,706298007,Dental x-ray system (physical object),(01)15959295688531(11)180305(17)430320(10)9194037153588(21)91200155017182180
2019-03-31T19:59:19Z,,3c68f0c1-b29c-d2ce-c9a1-4910c4e6a1c9,3c68f0c1-b29c-d2ce-c111-7a27cf785c1b,225738002,Operating room (environment),(01)21645700667466(11)190311(17)440325(10)82709(21)460097046
2020-04-05T19:43:55Z,2020-04-05T19:43:55Z,3c68f0c1-b29c-d2ce-c9a1-4910c4e6a1c9,3c68f0c1-b29c-d2ce-c988-5a9dd58c9f51,706298007,Dental x-ray system (physical object),(01)17343687828849(11)200316(17)450331(10)318413558627859(21)846486162
2020-04-05T20:22:09Z,,3c68f0c1-b29c-d2ce-c9a1-4910c4e6a1c9,3c68f0c1-b29c-d2ce-c988-5a9dd58c9f51,225738002,Operating room (environment),(01)41469487965889(11)200316(17)450331(10)82511835154265(21)2761473198351596
2021-04-11T19:00:30Z,2021-04-11T19:00:30Z,3c68f0c1-b29c-d2ce-c9a1-4910c4e6a1c9,3c68f0c1-b29c-d2ce-2f81-bb6437492f06,706298007,Dental x-ray system (physical object),(01)52874331654013(11)210322(17)460406(10)2811626(21)82460458758959
2024-04-28T19:35:39Z,2024-04-28T19:35:39Z,3c68f0c1-b29c-d2ce-c9a1-4910c4e6a1c9,3c68f0c1-b29c-d2ce-d849-2c7ae9a10910,706298007,Dental x-ray system (physical object),(01)56813877816751(11)240408(17)490423(10)3312801603306(21)4835227721251
2024-04-28T20:09:09Z,,3c68f0c1-b29c-d2ce-c9a1-4910c4e6a1c9,3c68f0c1-b29c-d2ce-d849-2c7ae9a10910,225738002,Operating room (environment),(01)58755903231476(11)240408(17)490423(10)741894204876(21)10542667691889394
2018-08-16T15:22:45Z,2018-08-16T15:22:45Z,8f278e41-c1df-a37e-bb93-630c661a6efa,8f278e41-c1df-a37e-d7f0-901655a1322c,706298007,Dental x-ray system (physical object),(01)32960785012424(11)180726(17)430810(10)560817124555672(21)1224784836
2018-08-16T16:21:52Z,,8f278e41-c1df-a37e-bb93-630c661a6efa,8f278e41-c1df-a37e-d7f0-901655a1322c,225738002,Operating room (environment),(01)55134751163200(11)180726(17)430810(10)13514(21)1022384685906576494
2025-10-12T19:13:07Z,2025-10-12T19:13:07Z,3c68f0c1-b29c-d2ce-c9a1-4910c4e6a1c9,3c68f0c1-b29c-d2ce-64b7-777c0d7003c0,706298007,Dental x-ray system (physical object),(01)63116290799550(11)250922(17)501007(10)11394(21)167506718557479
2024-07-16T11:06:04Z,2024-07-16T11:06:04Z,0d448474-1361-a64d-e459-0b70b607ad06,0d448474-1361-a64d-de21-f1357fe93879,706298007,Dental x-ray system (physical object),(01)79640998813739(11)240625(17)490710(10)65162931080738696(21)3047126029105321684
2021-09-30T14:00:47Z,2021-11-10T14:00:47Z,8f278e41-c1df-a37e-bb93-630c661a6efa,8f278e41-c1df-a37e-d9ac-63d936b0cff8,228869008,Manual wheelchair (physical object),(01)70626427260904(11)210909(17)460924(10)77784430(21)23230
2022-09-15T16:16:22Z,2022-09-15T16:16:22Z,8f278e41-c1df-a37e-bb93-630c661a6efa,8f278e41-c1df-a37e-5036-7e67061cd035,706298007,Dental x-ray system (physical object),(01)79842854966647(11)220825(17)470909(10)553340806617963940(21)2529634392
2024-09-19T16:37:17Z,,8f278e41-c1df-a37e-bb93-630c661a6efa,8f278e41-c1df-a37e-fb35-ae9ed5517808,225738002,Operating room (environment),(01)77350641839107(11)240829(17)490913(10)61899998161695(21)486969722169602
2022-05-13T17:11:40Z,,763ee5ed-5b46-faff-4c8b-cf75e1598698,763ee5ed-5b46-faff-2ec8-b22360942b41,225738002,Operating room (environment),(01)86367761006924(11)220422(17)470507(10)793575(21)633777753238
2024-05-31T18:08:13Z,2024-05-31T18:08:13Z,763ee5ed-5b46-faff-4c8b-cf75e1598698,763ee5ed-5b46-faff-a7eb-a1f550dce6a7,706298007,Dental x-ray system (physical object),(01)33961454872838(11)240510(17)490525(10)2029451(21)2898648432282443972
2026-06-12T16:58:12Z,2026-06-12T16:58:12Z,763ee5ed-5b46-faff-4c8b-cf75e1598698,763ee5ed-5b46-faff-4015-dcca5b2b3e27,706298007,Dental x-ray system (physical object),(01)78472605131867(11)260522(17)510606(10)576001760281409023(21)4178
2019-09-09T00:44:54Z,2019-09-09T00:44:54Z,91e47a49-eb27-8531-c502-2e72f364f2ab,91e47a49-eb27-8531-c61f-5b7442719ed8,706298007,Dental x-ray system (physical object),(01)49052401608211(11)190819(17)440902(10)674821931468621(21)216766763764
2002-03-06T02:57:50Z,,b9181cb7-f43a-b6a7-8f43-e7c74b5dbabc,b9181cb7-f43a-b6a7-9c25-e7140691efcc,337414009,Blood glucose meter (physical object),(01)54842027805380(11)020213(17)270228(10)3617(21)33792
1998-08-23T13:07:26Z,,2637d21d-91f4-d7d5-a451-52aea8057629,2637d21d-91f4-d7d5-89c3-601cab1eb9db,337414009,Blood glucose meter (physical object),(01)10294026162403(11)980802(17)230817(10)42876692(21)27070575601280
1993-05-03T06:32:14Z,,0541a381-c003-f3e1-e595-959e588f0dc7,0541a381-c003-f3e1-5f4f-6e324481f574,337414009,Blood glucose meter (physical object),(01)83256650014897(11)930412(17)180427(10)396533584386(21)49583512687458847
1974-12-13T02:45:18Z,,351a3845-e631-0166-ed0d-1439a017aa7c,351a3845-e631-0166-851f-b57712d02d3c,170615005,Home nebulizer (physical object),(01)14528780989343(11)741122(17)991207(10)64456475473582(21)7550796772124705575
1999-05-18T07:29:13Z,,8066dd68-2f09-ad48-bc12-a3ca0589abec,8066dd68-2f09-ad48-be8c-1fe62baa79d3,337414009,Blood glucose meter (physical object),(01)11348569664325(11)990427(17)240511(10)1346(21)5531542313
1981-05-01T22:53:25Z,,a797b72b-a50c-937f-641f-b3f4f5092ae7,a797b72b-a50c-937f-6496-f90272dc4f15,337414009,Blood glucose meter (physical object),(01)55352189391057(11)810411(17)060426(10)4766147254(21)27895727
2003-07-02T05:36:44Z,,0b3a3fa9-4aa5-6dc2-1e1b-022ef99c83bc,0b3a3fa9-4aa5-6dc2-40e1-686511ee91aa,337414009,Blood glucose meter (physical object),(01)31995931765796(11)030611(17)280625(10)281744464303688562(21)648745048898593
2006-09-03T04:10:20Z,,25d7d664-7f9c-a8eb-68f4-664802112d7e,25d7d664-7f9c-a8eb-5ce8-7161fb857db0,337414009,Blood glucose meter (physical object),(01)61672772102774(11)060813(17)310828(10)80646522(21)6111187384369838829
2017-01-27T04:40:43Z,2017-01-27T04:40:43Z,9143f22d-f19d-664d-b36c-15ba3d67ddb6,9143f22d-f19d-664d-bb17-2ed21d0a7ea1,706298007,Dental x-ray system (physical object),(01)59400454854724(11)170106(17)420121(10)78529324945794491(21)407574390
2017-01-27T05:27:11Z,,9143f22d-f19d-664d-b36c-15ba3d67ddb6,9143f22d-f19d-664d-bb17-2ed21d0a7ea1,225738002,Operating room (environment),(01)41745663640297(11)170106(17)420121(10)6748647348(21)68492
2010-02-19T21:07:38Z,,2ae523f1-9363-07bd-f8b9-9bde91362f66,2ae523f1-9363-07bd-a8cf-bb0127063a70,337414009,Blood glucose meter (physical object),(01)74240243455588(11)100130(17)350214(10)142021294085371663(21)35067501
2009-04-30T08:05:51Z,2009-04-30T11:08:51Z,0b3a3fa9-4aa5-6dc2-1e1b-022ef99c83bc,0b3a3fa9-4aa5-6dc2-6381-8c4186059721,701077002,Respiratory apnea monitoring system (physical object),(01)85943271265939(11)090409(17)340424(10)7060756588711987751(21)844867
2009-04-30T08:05:51Z,2009-04-30T11:08:51Z,0b3a3fa9-4aa5-6dc2-1e1b-022ef99c83bc,0b3a3fa9-4aa5-6dc2-6381-8c4186059721,701100002,Polysomnography analyzer (physical object),(01)88483418193407(11)090409(17)340424(10)396367363241046(21)45535
2009-04-30T11:08:51Z,2016-05-04T05:54:56Z,0b3a3fa9-4aa5-6dc2-1e1b-022ef99c83bc,0b3a3fa9-4aa5-6dc2-6381-8c4186059721,702172008,Home continuous positive airway pressure unit (physical object),(01)17088532553900(11)090409(17)340424(10)573605129362030857(21)71539
2017-04-11T10:08:11Z,2017-04-11T10:08:11Z,8066dd68-2f09-ad48-bc12-a3ca0589abec,8066dd68-2f09-ad48-c51e-ed1b0cf35828,706298007,Dental x-ray system (physical object),(01)48095533652413(11)170321(17)420405(10)6911320144141(21)5497323934037078530
2009-04-30T11:08:51Z,2016-05-04T05:54:56Z,0b3a3fa9-4aa5-6dc2-1e1b-022ef99c83bc,0b3a3fa9-4aa5-6dc2-6381-8c4186059721,706180003,Respiratory humidifier (physical object),(01)75690642439971(11)090409(17)340424(10)41953755992490(21)629436611345451156
2017-04-11T11:06:29Z,,8066dd68-2f09-ad48-bc12-a3ca0589abec,8066dd68-2f09-ad48-c51e-ed1b0cf35828,225738002,Operating room (environment),(01)90217029186102(11)170321(17)420405(10)698257181497853(21)1332041393728420
2017-04-30T10:34:55Z,2017-04-30T10:34:55Z,e59379b4-6790-2058-bf9e-f5c55a7c5f67,e59379b4-6790-2058-e583-e2212fe763c3,706298007,Dental x-ray system (physical object),(01)39343506536534(11)170409(17)420424(10)108035189820(21)24291551
2017-04-05T04:23:31Z,2017-04-05T04:23:31Z,b9181cb7-f43a-b6a7-8f43-e7c74b5dbabc,b9181cb7-f43a-b6a7-6857-cb3cbea02462,706298007,Dental x-ray system (physical object),(01)77672517551408(11)170315(17)420330(10)40687054696551(21)755557164332
2017-04-15T01:19:34Z,2017-04-15T01:19:34Z,a797b72b-a50c-937f-641f-b3f4f5092ae7,a797b72b-a50c-937f-e57d-3a7798637575,706298007,Dental x-ray system (physical object),(01)26204002256536(11)170325(17)420409(10)164465372989619828(21)91788008508
2017-07-16T05:43:27Z,2017-07-16T05:43:27Z,25d7d664-7f9c-a8eb-68f4-664802112d7e,25d7d664-7f9c-a8eb-2529-4c85dd34747a,706298007,Dental x-ray system (physical object),(01)75273260723211(11)170625(17)420710(10)8265362666(21)124480716842225
2005-06-09T21:45:18Z,,351a3845-e631-0166-ed0d-1439a017aa7c,351a3845-e631-0166-21c3-13eff6d92ebf,337414009,Blood glucose meter (physical object),(01)82546473949833(11)050520(17)300604(10)3207992723(21)71605511158312440
1987-08-07T08:31:30Z,,481942d9-ad91-7324-90cb-3a9294744e2f,481942d9-ad91-7324-8de6-7cf88350fb1e,337414009,Blood glucose meter (physical object),(01)42336506486221(11)870717(17)120731(10)890755853673939(21)492456350908
2016-06-17T00:26:20Z,,fe42b08b-ccf9-e476-fdad-b5f387346f86,fe42b08b-ccf9-e476-ffde-d2b5d10bfbe4,170615005,Home nebulizer (physical object),(01)28084967699848(11)160527(17)410611(10)1695830861128826(21)415187108
2009-11-06T21:45:18Z,,351a3845-e631-0166-ed0d-1439a017aa7c,351a3845-e631-0166-d8a1-bf05f41f786b,705427004,Power-assisted wheelchair (physical object),(01)91296528256801(11)091017(17)341101(10)78691087(21)276874992493012
2019-08-29T14:32:41Z,,9143f22d-f19d-664d-b36c-15ba3d67ddb6,9143f22d-f19d-664d-8fb8-f4e31fda8be6,170615005,Home nebulizer (physical object),(01)65674445691471(11)190808(17)440822(10)832538415401836(21)768991535961897494
2017-03-02T09:26:20Z,,fe42b08b-ccf9-e476-fdad-b5f387346f86,fe42b08b-ccf9-e476-8cd4-3aebf851e0f1,337414009,Blood glucose meter (physical object),(01)35194567503188(11)170209(17)420224(10)6484702(21)330327524
2021-09-20T00:28:13Z,2021-09-20T00:28:13Z,91e47a49-eb27-8531-c502-2e72f364f2ab,91e47a49-eb27-8531-b21f-f454686bc80a,706298007,Dental x-ray system (physical object),(01)16107973886827(11)210830(17)460914(10)283662719220964565(21)237880328558245179
2021-09-20T01:04:32Z,,91e47a49-eb27-8531-c502-2e72f364f2ab,91e47a49-eb27-8531-b21f-f454686bc80a,225738002,Operating room (environment),(01)40846013126536(11)210830(17)460914(10)761160087925426(21)6046753151556781574
2019-11-22T04:53:07Z,2019-11-22T04:53:07Z,9143f22d-f19d-664d-b36c-15ba3d67ddb6,9143f22d-f19d-664d-a7e2-dcdf81344beb,706298007,Dental x-ray system (physical object),(01)24607070856914(11)191101(17)441115(10)41391029794271(21)2675366799070
2014-11-01T02:31:30Z,,481942d9-ad91-7324-90cb-3a9294744e2f,481942d9-ad91-7324-3ff8-0377eb64ca4b,170615005,Home nebulizer (physical object),(01)78478201937553(11)141011(17)391026(10)1656213828015(21)382750682357188
2016-05-04T05:54:56Z,2022-05-25T05:36:44Z,0b3a3fa9-4aa5-6dc2-1e1b-022ef99c83bc,0b3a3fa9-4aa5-6dc2-725e-14a3881d3544,702172008,Home continuous positive airway pressure unit (physical object),(01)14566330361528(11)160413(17)410428(10)41804641(21)4078650
2016-05-04T05:54:56Z,2022-05-25T05:36:44Z,0b3a3fa9-4aa5-6dc2-1e1b-022ef99c83bc,0b3a3fa9-4aa5-6dc2-725e-14a3881d3544,706180003,Respiratory humidifier (physical object),(01)31034005109020(11)160413(17)410428(10)53819939(21)731576547
2017-05-29T11:53:01Z,2017-07-03T12:13:51Z,8066dd68-2f09-ad48-bc12-a3ca0589abec,8066dd68-2f09-ad48-a16f-a83982f5f0ee,74566002,Crutch  device (physical object),(01)21593412208245(11)170508(17)420523(10)6970560596691325(21)3777041
2022-09-26T00:13:43Z,2022-09-26T00:13:43Z,91e47a49-eb27-8531-c502-2e72f364f2ab,91e47a49-eb27-8531-a033-82f6d61900b6,706298007,Dental x-ray system (physical object),(01)36527449558600(11)220905(17)470920(10)429705945882(21)7240422
2020-05-03T10:31:37Z,2020-05-03T10:31:37Z,e59379b4-6790-2058-bf9e-f5c55a7c5f67,e59379b4-6790-2058-b99b-19474847ebf7,706298007,Dental x-ray system (physical object),(01)32475082696750(11)200412(17)450427(10)76075828705(21)594973069399524
2022-05-16T02:57:50Z,,b9181cb7-f43a-b6a7-8f43-e7c74b5dbabc,b9181cb7-f43a-b6a7-aa65-20c1297ab136,228869008,Manual wheelchair (physical object),(01)83753918268411(11)220425(17)470510(10)85777754895(21)1587910785
2022-05-16T02:57:50Z,,b9181cb7-f43a-b6a7-8f43-e7c74b5dbabc,b9181cb7-f43a-b6a7-aa65-20c1297ab136,705417005,Wheelchair accessory (physical object),(01)64544806444677(11)220425(17)470510(10)26536374(21)656253051730501
2019-07-21T06:18:26Z,2019-07-21T06:18:26Z,25d7d664-7f9c-a8eb-68f4-664802112d7e,25d7d664-7f9c-a8eb-b58b-a201e5b76fc8,706298007,Dental x-ray system (physical object),(01)69867266923390(11)190630(17)440714(10)838241217645(21)64161928115
2021-01-01T23:02:27Z,2021-01-01T23:02:27Z,2ae523f1-9363-07bd-f8b9-9bde91362f66,2ae523f1-9363-07bd-93cf-ceba3d53a783,706298007,Dental x-ray system (physical object),(01)71191457945259(11)201212(17)451227(10)5751881324(21)352252353587929
2018-05-23T07:15:48Z,2018-05-23T07:15:48Z,0b3a3fa9-4aa5-6dc2-1e1b-022ef99c83bc,0b3a3fa9-4aa5-6dc2-693e-6b342cc0631a,706298007,Dental x-ray system (physical object),(01)15568935538849(11)180502(17)430517(10)48871358(21)79093131878338440
2019-04-16T09:35:18Z,2019-04-16T09:35:18Z,8066dd68-2f09-ad48-bc12-a3ca0589abec,8066dd68-2f09-ad48-bb1a-e15b82afa10f,706298007,Dental x-ray system (physical object),(01)24650854827673(11)190326(17)440409(10)8077455358795(21)3046265
2023-10-02T00:14:58Z,2023-10-02T00:14:58Z,91e47a49-eb27-8531-c502-2e72f364f2ab,91e47a49-eb27-8531-9e42-83bf0a192710,706298007,Dental x-ray system (physical object),(01)23653063755111(11)230911(17)480925(10)235743013717552(21)679683760368960
2017-04-17T08:21:51Z,2017-04-17T08:21:51Z,0541a381-c003-f3e1-e595-959e588f0dc7,0541a381-c003-f3e1-9119-be0419b30507,706298007,Dental x-ray system (physical object),(01)71311782872411(11)170327(17)420411(10)721433129209816(21)3990394496861
2024-01-31T04:22:46Z,2024-01-31T04:22:46Z,b9181cb7-f43a-b6a7-8f43-e7c74b5dbabc,b9181cb7-f43a-b6a7-7e31-db8c92173c9d,706298007,Dental x-ray system (physical object),(01)61933386051192(11)240110(17)490124(10)7958(21)6752253871
2023-01-07T00:05:33Z,2023-01-07T00:05:33Z,2ae523f1-9363-07bd-f8b9-9bde91362f66,2ae523f1-9363-07bd-18b8-669bb2dc42e5,706298007,Dental x-ray system (physical object),(01)82989906056221(11)221217(17)480101(10)149581115(21)4768497472181986
2020-05-27T08:21:01Z,2020-05-27T08:21:01Z,0b3a3fa9-4aa5-6dc2-1e1b-022ef99c83bc,0b3a3fa9-4aa5-6dc2-3a21-24248f6836e4,706298007,Dental x-ray system (physical object),(01)54037171961912(11)200506(17)450521(10)65011685(21)786630
2019-03-28T11:05:03Z,2019-03-28T11:05:03Z,fe42b08b-ccf9-e476-fdad-b5f387346f86,fe42b08b-ccf9-e476-2c1c-fea37ded5cd7,706298007,Dental x-ray system (physical object),(01)31327001330104(11)190307(17)440321(10)51787112512586(21)32717546818762
2019-03-28T12:03:04Z,,fe42b08b-ccf9-e476-fdad-b5f387346f86,fe42b08b-ccf9-e476-2c1c-fea37ded5cd7,225738002,Operating room (environment),(01)67716440769654(11)190307(17)440321(10)3317(21)699989
2022-04-14T23:49:39Z,2022-04-14T23:49:39Z,351a3845-e631-0166-ed0d-1439a017aa7c,351a3845-e631-0166-a7e6-67b8e048840e,706298007,Dental x-ray system (physical object),(01)17164193482709(11)220325(17)470409(10)138541784112469(21)2795148891783
2022-04-14T23:49:39Z,2022-04-15T02:22:56Z,351a3845-e631-0166-ed0d-1439a017aa7c,351a3845-e631-0166-a7e6-67b8e048840e,225738002,Operating room (environment),(01)18127682658115(11)220325(17)470409(10)33272001485347(21)623127762367320875
2022-04-21T21:59:55Z,,351a3845-e631-0166-ed0d-1439a017aa7c,351a3845-e631-0166-f44d-769cf8c79ee6,706298007,Dental x-ray system (physical object),(01)75238164308455(11)220401(17)470416(10)22905855442504(21)86928
2022-05-14T00:27:53Z,2022-05-14T00:27:53Z,a797b72b-a50c-937f-641f-b3f4f5092ae7,a797b72b-a50c-937f-265e-50bee342dd9f,706298007,Dental x-ray system (physical object),(01)54764801697713(11)220423(17)470508(10)61735727178485(21)349725718
2022-05-08T22:50:50Z,,351a3845-e631-0166-ed0d-1439a017aa7c,351a3845-e631-0166-dff2-261debf2e0e5,225738002,Operating room (environment),(01)92127622090273(11)220418(17)470503(10)120233661265278(21)1979738782159
2022-05-19T02:11:38Z,,351a3845-e631-0166-ed0d-1439a017aa7c,351a3845-e631-0166-41b9-b9ae178f53e1,8060009,Denture  device (physical object),(01)17136072960356(11)220428(17)470513(10)4334277777486838(21)75299136178002830
2023-07-30T07:26:15Z,,25d7d664-7f9c-a8eb-68f4-664802112d7e,25d7d664-7f9c-a8eb-5fa3-33d082143872,225738002,Operating room (environment),(01)51613076323313(11)230709(17)480723(10)230695931656031(21)8971
2024-01-12T23:14:40Z,2024-01-12T23:14:40Z,2ae523f1-9363-07bd-f8b9-9bde91362f66,2ae523f1-9363-07bd-ee3b-22543385729d,706298007,Dental x-ray system (physical object),(01)41270951626762(11)231223(17)490106(10)7224410791121527117(21)807586
2023-04-20T23:56:55Z,2023-04-20T23:56:55Z,351a3845-e631-0166-ed0d-1439a017aa7c,351a3845-e631-0166-d6ea-0d9d7b6ca249,706298007,Dental x-ray system (physical object),(01)86848477966618(11)230331(17)480414(10)2535(21)153513247736
2023-04-21T00:34:28Z,,351a3845-e631-0166-ed0d-1439a017aa7c,351a3845-e631-0166-d6ea-0d9d7b6ca249,225738002,Operating room (environment),(01)11162698390608(11)230331(17)480414(10)25068203492078(21)733143087292450
2023-05-20T00:53:47Z,2023-05-20T00:53:47Z,a797b72b-a50c-937f-641f-b3f4f5092ae7,a797b72b-a50c-937f-60bd-f89e15e6de33,706298007,Dental x-ray system (physical object),(01)29102668210210(11)230429(17)480513(10)83374139125004(21)41092530195
2025-07-06T06:00:34Z,2025-07-06T06:00:34Z,25d7d664-7f9c-a8eb-68f4-664802112d7e,25d7d664-7f9c-a8eb-468a-af709b8fb2c1,706298007,Dental x-ray system (physical object),(01)28686031757884(11)250615(17)500630(10)6457688492511(21)569126857
2020-04-02T10:41:43Z,2020-04-02T10:41:43Z,fe42b08b-ccf9-e476-fdad-b5f387346f86,fe42b08b-ccf9-e476-55c4-d318d3d3e395,706298007,Dental x-ray system (physical object),(01)34356358673156(11)200312(17)450327(10)8387676035536269(21)2024113388
2023-08-04T10:25:30Z,2023-08-04T10:25:30Z,481942d9-ad91-7324-90cb-3a9294744e2f,481942d9-ad91-7324-0217-179b04549fcb,706298007,Dental x-ray system (physical object),(01)59378279491575(11)230714(17)480728(10)779096928410627530(21)694148
2025-05-01T23:44:53Z,2025-05-01T23:44:53Z,351a3845-e631-0166-ed0d-1439a017aa7c,351a3845-e631-0166-f87d-7dd14b6a3234,706298007,Dental x-ray system (physical object),(01)20696521702157(11)250411(17)500426(10)56212860300618088(21)92583902684
2025-05-02T00:35:58Z,,351a3845-e631-0166-ed0d-1439a017aa7c,351a3845-e631-0166-f87d-7dd14b6a3234,225738002,Operating room (environment),(01)13453102327714(11)250411(17)500426(10)175965(21)588398
2025-05-31T00:38:42Z,2025-05-31T00:38:42Z,a797b72b-a50c-937f-641f-b3f4f5092ae7,a797b72b-a50c-937f-be8e-ca04b6fcf885,706298007,Dental x-ray system (physical object),(01)20441751515290(11)250510(17)500525(10)3467458153308481867(21)5027328351
2023-08-20T13:07:26Z,2023-09-06T13:07:26Z,2637d21d-91f4-d7d5-a451-52aea8057629,2637d21d-91f4-d7d5-f81a-12302f538a20,228869008,Manual wheelchair (physical object),(01)82066282298186(11)230730(17)480813(10)6573481594116(21)13121
2024-10-14T05:36:19Z,,477c0826-4945-c063-9601-bf9a0ab4633e,477c0826-4945-c063-5aa4-8d37c938323d,225738002,Operating room (environment),(01)44712927330662(11)240923(17)491008(10)907570(21)3171206495
2020-04-09T09:26:20Z,2020-04-19T09:26:20Z,fe42b08b-ccf9-e476-fdad-b5f387346f86,fe42b08b-ccf9-e476-576e-90f65f837fa8,228869008,Manual wheelchair (physical object),(01)52944267512917(11)200319(17)450403(10)9044854(21)13503879980
2021-04-08T13:05:01Z,,fe42b08b-ccf9-e476-fdad-b5f387346f86,fe42b08b-ccf9-e476-bc6c-556fc1115e71,225738002,Operating room (environment),(01)36474168563551(11)210318(17)460402(10)2622(21)8742
2023-11-26T15:21:16Z,2023-11-26T15:21:16Z,2637d21d-91f4-d7d5-a451-52aea8057629,2637d21d-91f4-d7d5-0919-d0e2463d30e5,706298007,Dental x-ray system (physical object),(01)43975829511605(11)231105(17)481119(10)5448050685609789940(21)1487
2022-05-25T05:36:44Z,,0b3a3fa9-4aa5-6dc2-1e1b-022ef99c83bc,0b3a3fa9-4aa5-6dc2-3701-d14476ace57b,702172008,Home continuous positive airway pressure unit (physical object),(01)69090397777755(11)220504(17)470519(10)237237(21)865959759
2022-05-25T05:36:44Z,,0b3a3fa9-4aa5-6dc2-1e1b-022ef99c83bc,0b3a3fa9-4aa5-6dc2-3701-d14476ace57b,706180003,Respiratory humidifier (physical object),(01)43552135423716(11)220504(17)470519(10)48702(21)711759154326
2022-06-08T07:30:44Z,2022-06-08T07:30:44Z,0b3a3fa9-4aa5-6dc2-1e1b-022ef99c83bc,0b3a3fa9-4aa5-6dc2-da12-5ddd212463e7,706298007,Dental x-ray system (physical object),(01)86112943043034(11)220518(17)470602(10)744166208605145(21)803202486542
2023-06-14T08:02:41Z,2023-06-14T08:02:41Z,0b3a3fa9-4aa5-6dc2-1e1b-022ef99c83bc,0b3a3fa9-4aa5-6dc2-a962-17f2b7554414,706298007,Dental x-ray system (physical object),(01)63087223637329(11)230524(17)480607(10)909862(21)4881952708
2025-12-07T14:29:28Z,2025-12-07T14:29:28Z,2637d21d-91f4-d7d5-a451-52aea8057629,2637d21d-91f4-d7d5-f585-7fc54cda8da2,706298007,Dental x-ray system (physical object),(01)45737885242470(11)251116(17)501201(10)3907591403300694045(21)69080
2024-04-09T10:07:26Z,2024-04-09T10:07:26Z,8066dd68-2f09-ad48-bc12-a3ca0589abec,8066dd68-2f09-ad48-b851-86899b209677,706298007,Dental x-ray system (physical object),(01)35460955601047(11)240319(17)490403(10)623417924283925(21)8756046213933646
2022-09-12T08:43:28Z,2022-09-12T08:43:28Z,0541a381-c003-f3e1-e595-959e588f0dc7,0541a381-c003-f3e1-4939-8d4e8632e159,706298007,Dental x-ray system (physical object),(01)34975739570650(11)220822(17)470906(10)55577885(21)569557
2022-09-12T08:43:28Z,2022-09-12T10:10:28Z,0541a381-c003-f3e1-e595-959e588f0dc7,0541a381-c003-f3e1-4939-8d4e8632e159,225738002,Operating room (environment),(01)41055159767057(11)220822(17)470906(10)6527069473782(21)67578423810
2023-05-15T07:59:31Z,2023-05-15T07:59:31Z,0541a381-c003-f3e1-e595-959e588f0dc7,0541a381-c003-f3e1-0531-54cbe38c7a0a,706298007,Dental x-ray system (physical object),(01)88649361129270(11)230424(17)480508(10)849945(21)769283128923
2024-04-25T11:12:02Z,2024-04-25T11:12:02Z,fe42b08b-ccf9-e476-fdad-b5f387346f86,fe42b08b-ccf9-e476-f4ae-3384b9493ebe,706298007,Dental x-ray system (physical object),(01)15080633593132(11)240404(17)490419(10)676235(21)2523050768565889208
2025-05-26T07:45:52Z,2025-05-26T07:45:52Z,0541a381-c003-f3e1-e595-959e588f0dc7,0541a381-c003-f3e1-070c-3ae3bc162109,706298007,Dental x-ray system (physical object),(01)42290401976014(11)250505(17)500520(10)8039701(21)86959937
2025-09-22T08:39:53Z,2025-09-22T08:39:53Z,0541a381-c003-f3e1-e595-959e588f0dc7,0541a381-c003-f3e1-29b0-ec7bbdc35e6e,706298007,Dental x-ray system (physical object),(01)84963301021028(11)250901(17)500916(10)7601685105793(21)850553736011069992
2022-01-03T01:25:42Z,2022-01-03T01:25:42Z,112977f2-8ad2-fac4-cb95-b033bb705e07,112977f2-8ad2-fac4-b368-87114bc3b51f,706298007,Dental x-ray system (physical object),(01)69366397863230(11)211213(17)461228(10)246744793(21)85272660599
2023-01-09T01:54:50Z,2023-01-09T01:54:50Z,112977f2-8ad2-fac4-cb95-b033bb705e07,112977f2-8ad2-fac4-061f-0cc95f969f42,706298007,Dental x-ray system (physical object),(01)38366264038039(11)221219(17)480103(10)64683272603070(21)72971
2021-01-29T17:49:04Z,2021-01-29T17:49:04Z,f31f541f-e666-7f8b-bb86-b54f29e8f3c5,f31f541f-e666-7f8b-337a-3642b32ccdb2,706298007,Dental x-ray system (physical object),(01)62178329580622(11)210108(17)460123(10)114762538489(21)8274499042
2021-03-12T17:48:42Z,2021-03-12T17:48:42Z,f31f541f-e666-7f8b-bb86-b54f29e8f3c5,f31f541f-e666-7f8b-86b4-59f80076ca7f,706298007,Dental x-ray system (physical object),(01)63137619652364(11)210219(17)460306(10)79815817530(21)1633
2022-11-20T08:42:05Z,2022-11-20T08:42:05Z,fa7c04cf-ec70-58de-1b2a-342414b773fc,fa7c04cf-ec70-58de-0acd-a44e1369204d,706298007,Dental x-ray system (physical object),(01)48538633714968(11)221030(17)471114(10)149091006744(21)7528303375611131927
2022-11-20T09:24:34Z,,fa7c04cf-ec70-58de-1b2a-342414b773fc,fa7c04cf-ec70-58de-0acd-a44e1369204d,225738002,Operating room (environment),(01)85039725401404(11)221030(17)471114(10)87254496176811(21)8009
2017-11-22T18:49:59Z,2017-11-22T18:49:59Z,d4e085a0-45a4-b797-d153-950c1fc5a405,d4e085a0-45a4-b797-8f6d-d1fc61eee378,706298007,Dental x-ray system (physical object),(01)55546660810251(11)171102(17)421117(10)606890(21)4777155628809
2017-11-22T19:35:19Z,,d4e085a0-45a4-b797-d153-950c1fc5a405,d4e085a0-45a4-b797-8f6d-d1fc61eee378,225738002,Operating room (environment),(01)32745398712642(11)171102(17)421117(10)5765(21)56438086767
2025-01-25T06:59:42Z,2025-04-23T07:31:43Z,fa7c04cf-ec70-58de-1b2a-342414b773fc,fa7c04cf-ec70-58de-f591-9b1ecf55f371,228869008,Manual wheelchair (physical object),(01)48277146674445(11)250104(17)500119(10)655522(21)8484170636
2018-11-28T18:54:27Z,2018-11-28T18:54:27Z,d4e085a0-45a4-b797-d153-950c1fc5a405,d4e085a0-45a4-b797-47fb-6df52222ada3,706298007,Dental x-ray system (physical object),(01)69471473956196(11)181108(17)431123(10)2255441782(21)142436292183737492
2019-12-04T19:02:32Z,2019-12-04T19:02:32Z,d4e085a0-45a4-b797-d153-950c1fc5a405,d4e085a0-45a4-b797-8996-b0942bf6cefd,706298007,Dental x-ray system (physical object),(01)74798021679082(11)191114(17)441128(10)7517072427090274249(21)65488162245205
2026-06-26T17:26:40Z,2026-06-26T17:26:40Z,f31f541f-e666-7f8b-bb86-b54f29e8f3c5,f31f541f-e666-7f8b-c5cb-d004aaecd9c5,706298007,Dental x-ray system (physical object),(01)64139747246119(11)260605(17)510620(10)576851423(21)776939877708
2021-12-15T19:19:39Z,2021-12-15T19:19:39Z,d4e085a0-45a4-b797-d153-950c1fc5a405,d4e085a0-45a4-b797-d5c1-1f6a0526dd92,706298007,Dental x-ray system (physical object),(01)43352213051110(11)211125(17)461210(10)401586(21)903871957929
1989-05-02T02:21:40Z,1989-05-02T02:21:40Z,441b97ba-d68a-af88-37fd-3ba6b2498399,441b97ba-d68a-af88-3919-77731d378f2d,706298007,Dental x-ray system (physical object),(01)85397026915611(11)890411(17)140426(10)45135951(21)3408837867506
1990-05-08T02:15:21Z,1990-05-08T02:15:21Z,441b97ba-d68a-af88-37fd-3ba6b2498399,441b97ba-d68a-af88-b6b9-4a478cf95054,706298007,Dental x-ray system (physical object),(01)61623433367640(11)900417(17)150502(10)4607926977159(21)45476899728292932
1990-05-08T02:47:49Z,,441b97ba-d68a-af88-37fd-3ba6b2498399,441b97ba-d68a-af88-b6b9-4a478cf95054,225738002,Operating room (environment),(01)40897290797511(11)900417(17)150502(10)444887782243163588(21)76079834338
1991-05-14T01:59:14Z,1991-05-14T01:59:14Z,441b97ba-d68a-af88-37fd-3ba6b2498399,441b97ba-d68a-af88-492b-84fc8ce2ea84,706298007,Dental x-ray system (physical object),(01)13742896502868(11)910423(17)160507(10)5513830662498239869(21)20622332593889324
2018-02-18T16:56:57Z,,2e704848-e741-a5a9-1490-4ec35e9e0dfc,2e704848-e741-a5a9-3a16-1df51b41b4e5,337414009,Blood glucose meter (physical object),(01)83970886268594(11)180128(17)430212(10)564626(21)8338
2024-03-10T18:47:40Z,2024-03-10T18:47:40Z,2e704848-e741-a5a9-1490-4ec35e9e0dfc,2e704848-e741-a5a9-ffa2-8d9e1572aabf,706298007,Dental x-ray system (physical object),(01)60404542493038(11)240219(17)490305(10)6010153752240500908(21)5923
2026-02-08T19:16:02Z,2026-02-08T19:16:02Z,2e704848-e741-a5a9-1490-4ec35e9e0dfc,2e704848-e741-a5a9-2892-7536e97e5cc9,706298007,Dental x-ray system (physical object),(01)88107570916631(11)260119(17)510203(10)584864369437777(21)7056935400443
2020-06-18T18:41:23Z,2020-06-18T18:41:23Z,b5dfae79-d8d8-de4e-3e8f-f5db679f1725,b5dfae79-d8d8-de4e-187d-eeda0297ba3f,706298007,Dental x-ray system (physical object),(01)23419100973650(11)200529(17)450613(10)3838675211842466907(21)239415
2025-07-03T18:59:56Z,2025-07-03T18:59:56Z,b5dfae79-d8d8-de4e-3e8f-f5db679f1725,b5dfae79-d8d8-de4e-d4fd-aed8d1a28c39,706298007,Dental x-ray system (physical object),(01)72328408988724(11)250613(17)500628(10)496414636(21)9007640361695532715
2015-08-12T09:36:29Z,,c8fde687-23b0-73f6-d983-b4cd5c2be411,c8fde687-23b0-73f6-498b-0ed461b579d2,170615005,Home nebulizer (physical object),(01)65231864034430(11)150722(17)400805(10)4226747604383281(21)608789
2017-11-20T11:31:12Z,2017-11-20T11:31:12Z,c8fde687-23b0-73f6-d983-b4cd5c2be411,c8fde687-23b0-73f6-68f5-88a9752401fc,706298007,Dental x-ray system (physical object),(01)58737227600954(11)171030(17)421114(10)58033477386834(21)5638065670
2018-11-11T23:00:13Z,2018-11-11T23:00:13Z,5c2a5837-bd10-cd69-c8c1-57d14ab3d8fa,5c2a5837-bd10-cd69-c271-5fb1bce0461d,706298007,Dental x-ray system (physical object),(01)20243220111925(11)181022(17)431106(10)5239646(21)862846801325312507
2021-12-20T11:52:23Z,2021-12-20T11:52:23Z,c8fde687-23b0-73f6-d983-b4cd5c2be411,c8fde687-23b0-73f6-a7e6-3e061d437af6,706298007,Dental x-ray system (physical object),(01)88602028214785(11)211129(17)461214(10)520458765099462(21)3204365175
2025-01-06T11:24:43Z,2025-01-06T11:24:43Z,c8fde687-23b0-73f6-d983-b4cd5c2be411,c8fde687-23b0-73f6-1edd-4ab152011f82,706298007,Dental x-ray system (physical object),(01)88661222772391(11)241216(17)501231(10)29158(21)41895
2004-09-04T20:12:07Z,,e1bdf381-c217-5126-285e-4f3234821b65,e1bdf381-c217-5126-2d5b-d7907729f9d5,337414009,Blood glucose meter (physical object),(01)32273935118945(11)040815(17)290830(10)818134566926945179(21)146449571
1974-12-19T04:30:17Z,,e714efa3-4b54-03b9-9dc5-c97801411363,e714efa3-4b54-03b9-0e3d-4d068fdc8a08,337414009,Blood glucose meter (physical object),(01)82457705564295(11)741128(17)991213(10)49902255646(21)462846148468152
2015-08-27T00:55:51Z,,f38360fd-29b2-848e-2c74-9febdd0edcf4,f38360fd-29b2-848e-219a-6cd72791e89d,337414009,Blood glucose meter (physical object),(01)60158719737841(11)150806(17)400820(10)60989584(21)3317828926208786263
2006-10-20T09:21:42Z,,c2ce6920-e71d-b9af-9b3b-6396f9fb2153,c2ce6920-e71d-b9af-5395-454689dc1a6d,337414009,Blood glucose meter (physical object),(01)59824566011148(11)060929(17)311014(10)71984650440283466(21)7592312355965715510
1987-01-09T04:30:17Z,,e714efa3-4b54-03b9-9dc5-c97801411363,e714efa3-4b54-03b9-8567-aac6afbef2e9,1255320005,Wheeled walker (physical object),(01)72297919127253(11)861219(17)120103(10)6943883196699989(21)1131308241
2019-03-19T17:19:05Z,,6f4be85a-fdb1-2693-11b2-bee743434333,6f4be85a-fdb1-2693-f89e-7b8291925b23,337414009,Blood glucose meter (physical object),(01)69642489782398(11)190226(17)440312(10)6661482514(21)1682344492913934447
1993-01-21T07:20:27Z,1993-01-21T07:20:27Z,e714efa3-4b54-03b9-9dc5-c97801411363,e714efa3-4b54-03b9-e185-78270e3f9dbc,706298007,Dental x-ray system (physical object),(01)67531979727298(11)931231(17)180115(10)866249(21)4754939889076
2019-11-09T22:21:21Z,2019-11-09T22:21:21Z,e1bdf381-c217-5126-285e-4f3234821b65,e1bdf381-c217-5126-b553-0a4b38dc6891,706298007,Dental x-ray system (physical object),(01)34608879196754(11)191020(17)441103(10)39812032041869(21)2967
2020-09-11T15:54:30Z,2020-09-11T15:54:30Z,48401341-0305-750c-d74c-603564bd408e,48401341-0305-750c-cf3a-025e1543fa72,706298007,Dental x-ray system (physical object),(01)85473469562140(11)200821(17)450905(10)21297911(21)7927043626
2022-04-19T19:47:12Z,,6f4be85a-fdb1-2693-11b2-bee743434333,6f4be85a-fdb1-2693-d7e8-e1e6891ba1d6,225738002,Operating room (environment),(01)77077694900337(11)220330(17)470414(10)3606029370766707(21)61019886015034865
2018-07-05T02:48:18Z,2018-07-05T02:48:18Z,f38360fd-29b2-848e-2c74-9febdd0edcf4,f38360fd-29b2-848e-276b-a1e921ccd94d,706298007,Dental x-ray system (physical object),(01)79599275156337(11)180614(17)430629(10)787377650(21)7843146372092421073
2018-07-05T03:20:07Z,,f38360fd-29b2-848e-2c74-9febdd0edcf4,f38360fd-29b2-848e-276b-a1e921ccd94d,225738002,Operating room (environment),(01)74282114828288(11)180614(17)430629(10)8707926571721150(21)7886
2024-10-04T17:19:19Z,,48401341-0305-750c-d74c-603564bd408e,48401341-0305-750c-2bbc-ad9ccde49ea4,225738002,Operating room (environment),(01)90583741383828(11)240913(17)490928(10)698038943699(21)89363628291506
2018-09-13T03:05:45Z,2018-09-13T03:05:45Z,f38360fd-29b2-848e-2c74-9febdd0edcf4,f38360fd-29b2-848e-2664-8c9669da3c7e,706298007,Dental x-ray system (physical object),(01)47111252197659(11)180823(17)430907(10)2734283(21)62026261339059
2022-04-15T11:23:45Z,2022-04-15T11:23:45Z,c2ce6920-e71d-b9af-9b3b-6396f9fb2153,c2ce6920-e71d-b9af-6f00-1f3876a03ea7,706298007,Dental x-ray system (physical object),(01)54993609800327(11)220325(17)470409(10)58169234227453(21)40729470804782
2025-10-17T16:49:46Z,,48401341-0305-750c-d74c-603564bd408e,48401341-0305-750c-4714-96cfbee0da2e,225738002,Operating room (environment),(01)28280753468258(11)250926(17)501011(10)9174254619786(21)620291223899616648
2023-09-26T19:39:08Z,2023-09-26T19:39:08Z,6f4be85a-fdb1-2693-11b2-bee743434333,6f4be85a-fdb1-2693-8d08-ad7063519d5f,706298007,Dental x-ray system (physical object),(01)68384946330096(11)230906(17)480920(10)865599(21)546477592724236634
2023-04-21T10:49:20Z,2023-04-21T10:49:20Z,c2ce6920-e71d-b9af-9b3b-6396f9fb2153,c2ce6920-e71d-b9af-a0c1-5b9c4b3ba2ef,706298007,Dental x-ray system (physical object),(01)60300576206258(11)230331(17)480414(10)6992711392786792044(21)6625416313040533
2017-08-15T06:17:45Z,2017-11-16T06:17:45Z,0c83ca58-34af-ce99-3979-ea4a97764763,0c83ca58-34af-ce99-e970-5ae86a892b68,228869008,Manual wheelchair (physical object),(01)48248022412494(11)170725(17)420809(10)56698184018913132(21)4762288402861
2021-11-23T06:17:45Z,2022-01-13T06:50:01Z,0c83ca58-34af-ce99-3979-ea4a97764763,0c83ca58-34af-ce99-9c6e-81cc1c257c12,228869008,Manual wheelchair (physical object),(01)49220013207760(11)211102(17)461117(10)157558838561760(21)7923
2021-11-23T06:17:45Z,2022-01-13T06:50:01Z,0c83ca58-34af-ce99-3979-ea4a97764763,0c83ca58-34af-ce99-9c6e-81cc1c257c12,705417005,Wheelchair accessory (physical object),(01)19030353685613(11)211102(17)461117(10)13888708322465(21)6633917218
2022-04-18T07:09:38Z,2022-04-18T07:09:38Z,0c83ca58-34af-ce99-3979-ea4a97764763,0c83ca58-34af-ce99-d98b-9f1bc9bebfb6,706298007,Dental x-ray system (physical object),(01)32166694871548(11)220328(17)470412(10)642199215136192(21)44732775653327719
1976-03-09T14:53:04Z,,37dfee9e-5b84-dc70-c229-6d581727d065,37dfee9e-5b84-dc70-cf00-a344537f4b1b,337414009,Blood glucose meter (physical object),(01)64328132630204(11)760217(17)010303(10)40337438(21)602804878850
2002-10-14T02:53:04Z,,37dfee9e-5b84-dc70-c229-6d581727d065,37dfee9e-5b84-dc70-c16d-641361d19e9c,170615005,Home nebulizer (physical object),(01)87675167415533(11)020923(17)271008(10)41548(21)1361666802166
2020-05-12T17:04:38Z,2020-05-12T17:04:38Z,37dfee9e-5b84-dc70-c229-6d581727d065,37dfee9e-5b84-dc70-6cca-3d9dfaf1ea03,706298007,Dental x-ray system (physical object),(01)78839781301275(11)200421(17)450506(10)90217547305670(21)7894751030082983
2022-04-19T07:30:49Z,2022-04-19T07:30:49Z,3504bdb7-cce3-e59d-2d61-9579e4f68e75,3504bdb7-cce3-e59d-cf30-47a1e461c16d,706298007,Dental x-ray system (physical object),(01)51756796120998(11)220329(17)470413(10)81693493(21)710800345
2023-05-30T17:10:05Z,2023-05-30T17:10:05Z,37dfee9e-5b84-dc70-c229-6d581727d065,37dfee9e-5b84-dc70-62ae-6e5ed4334184,706298007,Dental x-ray system (physical object),(01)62125952863501(11)230509(17)480523(10)405992951806672(21)6492244619
2023-05-30T18:08:38Z,,37dfee9e-5b84-dc70-c229-6d581727d065,37dfee9e-5b84-dc70-62ae-6e5ed4334184,225738002,Operating room (environment),(01)72524905143473(11)230509(17)480523(10)80933(21)2517555293003979
2024-04-23T17:14:15Z,2024-04-23T17:14:15Z,37dfee9e-5b84-dc70-c229-6d581727d065,37dfee9e-5b84-dc70-3976-37f021324204,706298007,Dental x-ray system (physical object),(01)77910326709211(11)240402(17)490417(10)3914(21)4099493806157366
2014-11-10T18:16:02Z,,ece59d58-67ef-6361-b94e-30a397428a49,ece59d58-67ef-6361-9c45-edfaabd43b04,706298007,Dental x-ray system (physical object),(01)62115741652192(11)141020(17)391104(10)723762049326675182(21)590343554721700268
2018-10-15T20:41:26Z,,ece59d58-67ef-6361-b94e-30a397428a49,ece59d58-67ef-6361-e16a-3cf48e8f7bed,225738002,Operating room (environment),(01)77592683745172(11)180925(17)431010(10)429707(21)708617549836096
2019-10-21T20:53:07Z,,ece59d58-67ef-6361-b94e-30a397428a49,ece59d58-67ef-6361-aceb-af6edd6756a2,225738002,Operating room (environment),(01)53933665663584(11)191001(17)441015(10)331720614472(21)7758595634653954
2020-10-26T20:40:32Z,,ece59d58-67ef-6361-b94e-30a397428a49,ece59d58-67ef-6361-6589-d251f7dfb8f0,225738002,Operating room (environment),(01)40501345708603(11)201006(17)451021(10)918192757041029(21)2480427960232
2022-11-22T20:07:48Z,,ece59d58-67ef-6361-b94e-30a397428a49,ece59d58-67ef-6361-d79b-4c8a6017068b,706298007,Dental x-ray system (physical object),(01)62867673040493(11)221102(17)471117(10)7747(21)4842042633830
2022-12-13T21:06:38Z,,ece59d58-67ef-6361-b94e-30a397428a49,ece59d58-67ef-6361-b657-3cc79cc20468,8060009,Denture  device (physical object),(01)17626926949959(11)221123(17)471208(10)397012(21)8917057
2025-11-24T21:03:46Z,,ece59d58-67ef-6361-b94e-30a397428a49,ece59d58-67ef-6361-ba08-cc979fb3693b,225738002,Operating room (environment),(01)55596839130686(11)251104(17)501119(10)501183741964827(21)2434895
1995-04-25T00:26:04Z,,8c5d1a47-01b8-03c9-9d4d-6f9e91cf5f98,8c5d1a47-01b8-03c9-6b7b-dc48bd88250b,337414009,Blood glucose meter (physical object),(01)58110852986327(11)950404(17)200418(10)881323(21)25693
2001-02-27T01:50:00Z,2001-02-27T01:50:00Z,8c5d1a47-01b8-03c9-9d4d-6f9e91cf5f98,8c5d1a47-01b8-03c9-38e7-5d5091829a68,706298007,Dental x-ray system (physical object),(01)13315715977800(11)010206(17)260221(10)5599455189093140(21)644574209472902532
2003-01-07T02:47:39Z,2003-01-07T04:39:51Z,8c5d1a47-01b8-03c9-9d4d-6f9e91cf5f98,8c5d1a47-01b8-03c9-548a-b81815e31118,225738002,Operating room (environment),(01)78297034140388(11)021217(17)280101(10)431151579822(21)3608936823646327
2003-01-07T06:13:45Z,,8c5d1a47-01b8-03c9-9d4d-6f9e91cf5f98,8c5d1a47-01b8-03c9-548a-b81815e31118,225738002,Operating room (environment),(01)56760305623850(11)021217(17)280101(10)59035(21)4108885302
2003-01-14T00:53:59Z,,8c5d1a47-01b8-03c9-9d4d-6f9e91cf5f98,8c5d1a47-01b8-03c9-633d-f3161aaefffe,706298007,Dental x-ray system (physical object),(01)53218003352876(11)021224(17)280108(10)33426737(21)8360055462479
2003-02-04T01:46:45Z,,8c5d1a47-01b8-03c9-9d4d-6f9e91cf5f98,8c5d1a47-01b8-03c9-b1ca-0a17aab9886c,8060009,Denture  device (physical object),(01)13459634108843(11)030114(17)280129(10)1063673(21)818538221129876
2018-07-10T20:10:26Z,2018-07-10T20:10:26Z,b26ca382-6315-eeeb-7ac9-4f88bc246aca,b26ca382-6315-eeeb-3843-a9fb3845d06c,706298007,Dental x-ray system (physical object),(01)39838758659730(11)180620(17)430705(10)485629495693540187(21)235993
2018-07-10T20:45:15Z,,b26ca382-6315-eeeb-7ac9-4f88bc246aca,b26ca382-6315-eeeb-3843-a9fb3845d06c,225738002,Operating room (environment),(01)69228586320204(11)180620(17)430705(10)20779921539120(21)8136715746
2007-03-13T02:57:53Z,2007-03-13T02:57:53Z,8c5d1a47-01b8-03c9-9d4d-6f9e91cf5f98,8c5d1a47-01b8-03c9-05fb-b00491f8a37e,706298007,Dental x-ray system (physical object),(01)24697200348113(11)070220(17)320306(10)66150(21)589962
2020-07-28T20:04:26Z,2020-07-28T20:04:26Z,b26ca382-6315-eeeb-7ac9-4f88bc246aca,b26ca382-6315-eeeb-6413-4b467788f5aa,706298007,Dental x-ray system (physical object),(01)60341270636445(11)200708(17)450723(10)48592444(21)122595005101071480
2018-06-28T05:59:27Z,2018-06-28T05:59:27Z,4da0ffb7-69f4-ef5a-3ea0-379546922901,4da0ffb7-69f4-ef5a-800b-ce42e1cf92f5,706298007,Dental x-ray system (physical object),(01)40413108723740(11)180607(17)430622(10)333719704(21)8367063
2009-04-07T00:26:04Z,,8c5d1a47-01b8-03c9-9d4d-6f9e91cf5f98,8c5d1a47-01b8-03c9-b152-944b556c10d2,170615005,Home nebulizer (physical object),(01)10632835476576(11)090317(17)340401(10)65788(21)222627523277202388
2009-04-21T01:57:12Z,2009-04-21T01:57:12Z,8c5d1a47-01b8-03c9-9d4d-6f9e91cf5f98,8c5d1a47-01b8-03c9-d9ae-96d9730bbc6e,706298007,Dental x-ray system (physical object),(01)75510205799504(11)090331(17)340415(10)922197486090099066(21)7639981799217486459
2024-08-20T20:12:59Z,2024-08-20T20:12:59Z,b26ca382-6315-eeeb-7ac9-4f88bc246aca,b26ca382-6315-eeeb-9497-555fc98a1674,706298007,Dental x-ray system (physical object),(01)71028945578994(11)240731(17)490815(10)24862(21)113682
2017-04-16T01:51:58Z,2017-04-16T01:51:58Z,37f56bb6-b47a-7454-19ba-f6002569bbfb,37f56bb6-b47a-7454-b6ee-32705f37cd20,706298007,Dental x-ray system (physical object),(01)20541895814442(11)170326(17)420410(10)52015496(21)357256287226875
2021-07-15T06:30:46Z,,4da0ffb7-69f4-ef5a-3ea0-379546922901,4da0ffb7-69f4-ef5a-2393-48a70d2413c4,225738002,Operating room (environment),(01)93703327261650(11)210624(17)460709(10)10269(21)6192415566
2017-06-25T00:19:32Z,2017-06-28T00:19:32Z,37f56bb6-b47a-7454-19ba-f6002569bbfb,37f56bb6-b47a-7454-6b36-30ac345ddfc5,228869008,Manual wheelchair (physical object),(01)37466320740964(11)170604(17)420619(10)8258800680155637960(21)4888
2017-10-15T02:08:37Z,2017-10-15T02:08:37Z,37f56bb6-b47a-7454-19ba-f6002569bbfb,37f56bb6-b47a-7454-1dcc-4f7c18607886,706298007,Dental x-ray system (physical object),(01)71995987694648(11)170924(17)421009(10)6820131058349965(21)24753737806615
2025-08-07T06:14:44Z,,4da0ffb7-69f4-ef5a-3ea0-379546922901,4da0ffb7-69f4-ef5a-62af-33c8461049dd,225738002,Operating room (environment),(01)83947833449459(11)250717(17)500801(10)43576956650(21)79070622581
2019-02-03T02:01:15Z,2019-02-03T02:01:15Z,37f56bb6-b47a-7454-19ba-f6002569bbfb,37f56bb6-b47a-7454-cb36-c5e6d23575e5,706298007,Dental x-ray system (physical object),(01)50331958308501(11)190113(17)440128(10)75135478642875(21)906500366873293
2019-07-07T02:06:31Z,2019-07-07T02:06:31Z,37f56bb6-b47a-7454-19ba-f6002569bbfb,37f56bb6-b47a-7454-e0f5-c1170998f87f,706298007,Dental x-ray system (physical object),(01)36070240221163(11)190616(17)440630(10)380877(21)1621780
2019-07-07T02:51:01Z,,37f56bb6-b47a-7454-19ba-f6002569bbfb,37f56bb6-b47a-7454-e0f5-c1170998f87f,225738002,Operating room (environment),(01)56292198835113(11)190616(17)440630(10)37279936029021328(21)303611
1995-03-09T01:48:05Z,,e0315b24-29ba-ebed-994d-76f4870cc053,e0315b24-29ba-ebed-f44e-dbfc9dc0398c,337414009,Blood glucose meter (physical object),(01)35406872821064(11)950216(17)200302(10)32156(21)9139898
2019-12-08T02:10:05Z,2019-12-08T02:10:05Z,37f56bb6-b47a-7454-19ba-f6002569bbfb,37f56bb6-b47a-7454-6040-8176507c488f,706298007,Dental x-ray system (physical object),(01)46651734202989(11)191117(17)441201(10)4104163069394474(21)246306146605682
2018-05-29T10:25:01Z,,3ff139f9-9f37-c665-c4a9-2b39876af09a,3ff139f9-9f37-c665-4488-30440c53ed3e,337414009,Blood glucose meter (physical object),(01)78054419306115(11)180508(17)430523(10)400634463683336(21)68538
2016-08-27T06:23:45Z,2016-08-27T06:23:45Z,580185f5-2747-7ca4-386d-d41c5dac9576,580185f5-2747-7ca4-a429-1049b837f62a,706298007,Dental x-ray system (physical object),(01)76705679678522(11)160806(17)410821(10)5196(21)3678657
2019-09-14T07:15:46Z,2019-09-14T07:15:46Z,580185f5-2747-7ca4-386d-d41c5dac9576,580185f5-2747-7ca4-e39a-a7c416815f55,706298007,Dental x-ray system (physical object),(01)39272402532408(11)190824(17)440907(10)5135182061067271100(21)102532570727586
2022-01-02T10:47:17Z,2022-01-03T10:47:17Z,3ff139f9-9f37-c665-c4a9-2b39876af09a,3ff139f9-9f37-c665-455e-06ca33923324,228869008,Manual wheelchair (physical object),(01)89110724565979(11)211212(17)461227(10)549177089930(21)8071103009
2025-10-18T06:25:37Z,2025-10-18T06:25:37Z,580185f5-2747-7ca4-386d-d41c5dac9576,580185f5-2747-7ca4-e0dd-9a7e9e8f92d5,706298007,Dental x-ray system (physical object),(01)83083964686851(11)250927(17)501012(10)289176568(21)142785613
2025-10-18T06:25:37Z,2025-10-18T08:14:37Z,580185f5-2747-7ca4-386d-d41c5dac9576,580185f5-2747-7ca4-e0dd-9a7e9e8f92d5,225738002,Operating room (environment),(01)65539013615502(11)250927(17)501012(10)462569457(21)748894965495566
2019-05-09T04:32:21Z,2019-05-09T04:32:21Z,e0315b24-29ba-ebed-994d-76f4870cc053,e0315b24-29ba-ebed-efa5-6a422b88840a,706298007,Dental x-ray system (physical object),(01)44380982246394(11)190418(17)440502(10)4213130678990082956(21)424913550921050
2021-05-20T03:57:08Z,2021-05-20T03:57:08Z,e0315b24-29ba-ebed-994d-76f4870cc053,e0315b24-29ba-ebed-ad65-13469758a03a,706298007,Dental x-ray system (physical object),(01)55182897067551(11)210429(17)460514(10)748941(21)487576
2002-03-02T02:13:32Z,,96be6561-e3a3-1a59-bda5-fef15b2ace7c,96be6561-e3a3-1a59-000e-ad2293429adc,337414009,Blood glucose meter (physical object),(01)48950922028601(11)020209(17)270224(10)11718987(21)8373
2026-06-18T03:54:44Z,2026-06-18T03:54:44Z,e0315b24-29ba-ebed-994d-76f4870cc053,e0315b24-29ba-ebed-98c2-5f34e6ba4237,706298007,Dental x-ray system (physical object),(01)91233518676317(11)260528(17)510612(10)80289122214545(21)85134288
2021-12-26T02:33:39Z,2021-12-26T02:33:39Z,37f56bb6-b47a-7454-19ba-f6002569bbfb,37f56bb6-b47a-7454-e3f3-a6f78c7446b7,706298007,Dental x-ray system (physical object),(01)84891364220543(11)211205(17)461220(10)467471(21)8859080411666289
2021-12-26T03:27:05Z,,37f56bb6-b47a-7454-19ba-f6002569bbfb,37f56bb6-b47a-7454-e3f3-a6f78c7446b7,225738002,Operating room (environment),(01)55370874250585(11)211205(17)461220(10)11160762020977(21)40200518265095082
2014-02-04T18:27:30Z,,42629756-d513-1dca-4541-1e9b8d4466e1,42629756-d513-1dca-8d43-34a23630c235,337414009,Blood glucose meter (physical object),(01)42487498455140(11)140114(17)390129(10)6827810(21)33305185361297
2016-04-12T18:27:30Z,,42629756-d513-1dca-4541-1e9b8d4466e1,42629756-d513-1dca-564d-c1a7429e79a1,170615005,Home nebulizer (physical object),(01)67575954003415(11)160322(17)410406(10)4809032010871639415(21)4698345051583938400
2017-05-09T20:44:14Z,2017-05-09T20:44:14Z,42629756-d513-1dca-4541-1e9b8d4466e1,42629756-d513-1dca-29f9-b1c13cab96c4,706298007,Dental x-ray system (physical object),(01)83770477180706(11)170419(17)420504(10)816739067144(21)2918401345264
2023-03-12T02:27:59Z,2023-03-12T02:27:59Z,37f56bb6-b47a-7454-19ba-f6002569bbfb,37f56bb6-b47a-7454-f0b8-eb20a38d6c0d,706298007,Dental x-ray system (physical object),(01)92167772311640(11)230219(17)480305(10)82423094072(21)40976
2019-05-07T18:27:30Z,,42629756-d513-1dca-4541-1e9b8d4466e1,42629756-d513-1dca-4935-660acfeedb2f,336621006,Oxygen concentrator (physical object),(01)33716074132396(11)190416(17)440430(10)813347811105683380(21)2253902
2012-02-14T22:20:33Z,,74d3978e-474d-8e0b-53fd-8197c1a83cea,74d3978e-474d-8e0b-981c-320c88b653f2,170615005,Home nebulizer (physical object),(01)39902490665170(11)120125(17)370208(10)5619(21)19098454148639801
2020-05-26T20:18:44Z,2020-05-26T20:18:44Z,42629756-d513-1dca-4541-1e9b8d4466e1,42629756-d513-1dca-e8df-1bcb095053ba,706298007,Dental x-ray system (physical object),(01)32733576898723(11)200506(17)450521(10)8472936(21)1431688527382
2017-06-07T15:18:52Z,2017-06-07T15:18:52Z,74d3978e-474d-8e0b-53fd-8197c1a83cea,74d3978e-474d-8e0b-c1ae-34634bc3aa4c,706298007,Dental x-ray system (physical object),(01)71080929674222(11)170517(17)420601(10)317755(21)5380204061678368
2023-06-25T02:51:08Z,2023-06-25T02:51:08Z,37f56bb6-b47a-7454-19ba-f6002569bbfb,37f56bb6-b47a-7454-8129-7dffe654cdc7,706298007,Dental x-ray system (physical object),(01)57855782761294(11)230604(17)480618(10)451081288574(21)74751900925987
2021-06-04T18:27:30Z,2021-06-24T18:27:30Z,42629756-d513-1dca-4541-1e9b8d4466e1,42629756-d513-1dca-a697-e63b05df90d8,228869008,Manual wheelchair (physical object),(01)86911990047954(11)210514(17)460529(10)61552602893955(21)87369378662342
2022-06-07T20:09:22Z,2022-06-07T20:09:22Z,42629756-d513-1dca-4541-1e9b8d4466e1,42629756-d513-1dca-ba52-7bc405064c59,706298007,Dental x-ray system (physical object),(01)49769146044139(11)220518(17)470602(10)73531524582(21)910824835671782
2022-06-07T20:09:22Z,2022-06-07T22:29:16Z,42629756-d513-1dca-4541-1e9b8d4466e1,42629756-d513-1dca-ba52-7bc405064c59,225738002,Operating room (environment),(01)82237918303637(11)220518(17)470602(10)52478645434(21)6900926
2018-05-09T13:20:33Z,,74d3978e-474d-8e0b-53fd-8197c1a83cea,74d3978e-474d-8e0b-f1cb-e58b8ecab85a,228869008,Manual wheelchair (physical object),(01)52373727032943(11)180418(17)430503(10)1288038301(21)3496118059510671
1972-08-07T08:48:30Z,,cb26b7ad-f528-7697-a213-ef06f49e06fd,cb26b7ad-f528-7697-16ce-c26391c5a47e,170615005,Home nebulizer (physical object),(01)25506639939880(11)720717(17)970801(10)6683402871(21)735678
1987-03-13T17:48:30Z,,cb26b7ad-f528-7697-a213-ef06f49e06fd,cb26b7ad-f528-7697-87ab-ba9f504fe8c3,337414009,Blood glucose meter (physical object),(01)55571556091140(11)870220(17)120306(10)50761107475315(21)29979736697255
2016-05-29T00:51:16Z,,7c06af4b-34ae-5c0d-0eb7-8e404b1e5d16,7c06af4b-34ae-5c0d-5d4a-05f49096fb18,170615005,Home nebulizer (physical object),(01)44676328850660(11)160508(17)410523(10)425728(21)29121
2003-05-01T13:45:22Z,,6174a9ca-65ab-e297-aea4-db1010b3dd35,6174a9ca-65ab-e297-1d29-2595bc0485ab,706298007,Dental x-ray system (physical object),(01)30756204414728(11)030410(17)280424(10)146110043862292525(21)308748279507197
2017-03-02T13:28:01Z,2017-03-02T13:28:01Z,f8c64c24-8953-6e86-f06c-5157f88a5032,f8c64c24-8953-6e86-e00e-f859d717a737,706298007,Dental x-ray system (physical object),(01)15737875198436(11)170209(17)420224(10)21253131667061(21)75790187
2023-10-08T03:13:39Z,2023-10-08T03:13:39Z,37f56bb6-b47a-7454-19ba-f6002569bbfb,37f56bb6-b47a-7454-6b37-544ca4075e72,706298007,Dental x-ray system (physical object),(01)89509070430928(11)230917(17)481001(10)8432(21)288198
2023-10-08T03:49:47Z,,37f56bb6-b47a-7454-19ba-f6002569bbfb,37f56bb6-b47a-7454-6b37-544ca4075e72,225738002,Operating room (environment),(01)86779223510331(11)230917(17)481001(10)658003599194408723(21)166253583
2016-11-16T21:39:06Z,2016-11-16T21:39:06Z,7c06af4b-34ae-5c0d-0eb7-8e404b1e5d16,7c06af4b-34ae-5c0d-0912-fa7597ae6b66,706298007,Dental x-ray system (physical object),(01)27992455314389(11)161027(17)411111(10)867223560384200057(21)61795783612346
1990-06-01T04:43:35Z,,a52efd13-c295-8cee-15a3-b4cab9dd9852,a52efd13-c295-8cee-ae92-384fc8c4ab60,170615005,Home nebulizer (physical object),(01)26582021411751(11)900511(17)150526(10)152434063713150405(21)900776297982396
2010-11-24T23:43:35Z,,a52efd13-c295-8cee-15a3-b4cab9dd9852,a52efd13-c295-8cee-6adb-f2b2338935e3,337414009,Blood glucose meter (physical object),(01)55025878131012(11)101104(17)351119(10)4683834757682204(21)288793421469900092
2020-11-14T11:33:46Z,2020-11-19T11:33:46Z,f8c64c24-8953-6e86-f06c-5157f88a5032,f8c64c24-8953-6e86-87c2-6e157063bc3c,228869008,Manual wheelchair (physical object),(01)52309822589971(11)201024(17)451108(10)776615189202(21)260844
2017-11-15T21:31:45Z,2017-11-15T21:31:45Z,7c06af4b-34ae-5c0d-0eb7-8e404b1e5d16,7c06af4b-34ae-5c0d-749a-600d14bfdffa,706298007,Dental x-ray system (physical object),(01)60902481191411(11)171026(17)421110(10)667426926186792(21)1369061088
1994-01-08T04:30:17Z,,a5865f27-c51f-18ae-c618-a52787fb853d,a5865f27-c51f-18ae-6c01-098387233f07,705427004,Power-assisted wheelchair (physical object),(01)43861616293990(11)931218(17)190102(10)1308563470868693686(21)818270603857967
1994-01-08T04:30:17Z,,a5865f27-c51f-18ae-c618-a52787fb853d,a5865f27-c51f-18ae-6c01-098387233f07,705417005,Wheelchair accessory (physical object),(01)51186475906780(11)931218(17)190102(10)2903823312054(21)73773531265470310
1995-10-26T04:30:17Z,,a5865f27-c51f-18ae-c618-a52787fb853d,a5865f27-c51f-18ae-022e-ba7cd24f380c,337414009,Blood glucose meter (physical object),(01)23468322830230(11)951005(17)201019(10)84847197097586011(21)87380511602593193
2021-04-01T14:01:43Z,2021-04-01T14:01:43Z,f8c64c24-8953-6e86-f06c-5157f88a5032,f8c64c24-8953-6e86-5323-d4aa55c0d1fd,706298007,Dental x-ray system (physical object),(01)19557084072288(11)210311(17)460326(10)62948475432961607(21)477639580004
2021-06-02T21:34:13Z,,6174a9ca-65ab-e297-aea4-db1010b3dd35,6174a9ca-65ab-e297-e9e9-0fa1a1629e3c,706298007,Dental x-ray system (physical object),(01)15848281656797(11)210513(17)460528(10)4129(21)88378298710746
2021-06-23T22:07:21Z,,6174a9ca-65ab-e297-aea4-db1010b3dd35,6174a9ca-65ab-e297-1f2f-f77beb2814b4,8060009,Denture  device (physical object),(01)56068131629404(11)210603(17)460618(10)764956(21)37934
2018-11-01T23:43:35Z,2018-12-30T00:29:14Z,a52efd13-c295-8cee-15a3-b4cab9dd9852,a52efd13-c295-8cee-48ff-76b4d9555cd2,228869008,Manual wheelchair (physical object),(01)71614944530711(11)181012(17)431027(10)77568084239103967(21)251711747757296894
2018-11-01T23:43:35Z,2019-03-18T01:02:42Z,a52efd13-c295-8cee-15a3-b4cab9dd9852,a52efd13-c295-8cee-48ff-76b4d9555cd2,705417005,Wheelchair accessory (physical object),(01)73326105201112(11)181012(17)431027(10)1203(21)779074379124324860
2017-01-05T06:36:41Z,2017-01-05T08:36:08Z,a5865f27-c51f-18ae-c618-a52787fb853d,a5865f27-c51f-18ae-4556-9cdc79a180ab,225738002,Operating room (environment),(01)67647643553860(11)161215(17)421230(10)54206(21)8504434171820962130
2017-01-05T10:19:07Z,,a5865f27-c51f-18ae-c618-a52787fb853d,a5865f27-c51f-18ae-4556-9cdc79a180ab,225738002,Operating room (environment),(01)18406567252270(11)161215(17)421230(10)3192428365716(21)29780377524427198
2017-01-10T13:45:17Z,,a5865f27-c51f-18ae-c618-a52787fb853d,a5865f27-c51f-18ae-979d-76005d4b9269,225738002,Operating room (environment),(01)84936704519476(11)161220(17)420104(10)2313621532761(21)318889239427
2022-12-22T13:23:30Z,,6174a9ca-65ab-e297-aea4-db1010b3dd35,6174a9ca-65ab-e297-65a9-3ac6fc6dd361,337414009,Blood glucose meter (physical object),(01)46080870396333(11)221201(17)471216(10)7600084(21)2747853628
2022-04-07T14:00:22Z,2022-04-07T14:00:22Z,f8c64c24-8953-6e86-f06c-5157f88a5032,f8c64c24-8953-6e86-9df5-66003d0f0495,706298007,Dental x-ray system (physical object),(01)86253991483157(11)220317(17)470401(10)640098856608(21)674016676242369904
2018-12-30T00:29:14Z,2019-03-18T01:02:42Z,a52efd13-c295-8cee-15a3-b4cab9dd9852,a52efd13-c295-8cee-de12-b3c27ffac223,228869008,Manual wheelchair (physical object),(01)19507585889103(11)181209(17)431224(10)267956(21)6797
1992-05-10T23:08:37Z,,f714e937-0bd6-57d8-62f3-d3f937cc8219,f714e937-0bd6-57d8-8a6e-492ce1b2c6d5,170615005,Home nebulizer (physical object),(01)67406776962927(11)920420(17)170505(10)178626518005(21)6061747738376645
2018-01-11T06:23:34Z,2018-01-11T06:23:34Z,a5865f27-c51f-18ae-c618-a52787fb853d,a5865f27-c51f-18ae-c104-902a2a543274,706298007,Dental x-ray system (physical object),(01)15655988681000(11)171221(17)430105(10)8549432514791(21)232426
2018-02-26T05:02:47Z,2018-03-04T05:02:47Z,a5865f27-c51f-18ae-c618-a52787fb853d,a5865f27-c51f-18ae-6f79-36b9ba3e38d7,228869008,Manual wheelchair (physical object),(01)78849275739214(11)180205(17)430220(10)10159694442264859(21)7705135172589459856
2023-03-02T15:30:50Z,2023-03-02T15:30:50Z,6174a9ca-65ab-e297-aea4-db1010b3dd35,6174a9ca-65ab-e297-9ca7-0b55525751b5,706298007,Dental x-ray system (physical object),(01)15273275805876(11)230209(17)480224(10)85390360(21)2454
2021-12-30T01:32:57Z,2021-12-30T01:32:57Z,a52efd13-c295-8cee-15a3-b4cab9dd9852,a52efd13-c295-8cee-3486-1ad88de81cd4,706298007,Dental x-ray system (physical object),(01)19766617517815(11)211209(17)461224(10)875663708582(21)7902968
2020-12-09T21:27:30Z,2020-12-09T21:27:30Z,7c06af4b-34ae-5c0d-0eb7-8e404b1e5d16,7c06af4b-34ae-5c0d-bc92-c4bee0e8e938,706298007,Dental x-ray system (physical object),(01)12910737676860(11)201119(17)451204(10)1913031738413871927(21)5844
2020-12-09T22:23:28Z,,7c06af4b-34ae-5c0d-0eb7-8e404b1e5d16,7c06af4b-34ae-5c0d-bc92-c4bee0e8e938,225738002,Operating room (environment),(01)17344777408712(11)201119(17)451204(10)39728(21)843384
2022-04-29T19:49:59Z,2022-04-29T19:49:59Z,cb26b7ad-f528-7697-a213-ef06f49e06fd,cb26b7ad-f528-7697-ef07-82b7c6cdacf5,706298007,Dental x-ray system (physical object),(01)46984951640123(11)220409(17)470424(10)11963655(21)24102
2024-04-18T13:26:54Z,2024-04-18T13:26:54Z,f8c64c24-8953-6e86-f06c-5157f88a5032,f8c64c24-8953-6e86-d263-391de6a6253d,706298007,Dental x-ray system (physical object),(01)70996405157849(11)240328(17)490412(10)5241034814(21)3988373952
2024-03-07T15:24:29Z,2024-03-07T15:24:29Z,6174a9ca-65ab-e297-aea4-db1010b3dd35,6174a9ca-65ab-e297-6fa2-0a9e9a97ab20,706298007,Dental x-ray system (physical object),(01)42838924208544(11)240215(17)490301(10)204913856(21)70768016587
2024-03-07T16:03:13Z,,6174a9ca-65ab-e297-aea4-db1010b3dd35,6174a9ca-65ab-e297-6fa2-0a9e9a97ab20,225738002,Operating room (environment),(01)39203504268267(11)240215(17)490301(10)726504267448410(21)1078
2024-01-11T02:02:12Z,2024-01-11T02:02:12Z,a52efd13-c295-8cee-15a3-b4cab9dd9852,a52efd13-c295-8cee-05b4-6aa094335e73,706298007,Dental x-ray system (physical object),(01)19507334626801(11)231221(17)490104(10)3356091177603247721(21)673904
2018-09-23T03:16:45Z,,91bbfb2f-5a52-a76b-4b4d-f4b8514d1072,91bbfb2f-5a52-a76b-2ebd-498caf515b57,225738002,Operating room (environment),(01)73123021760117(11)180902(17)430917(10)392871(21)52860947319525
2023-12-27T21:36:55Z,2023-12-27T21:36:55Z,7c06af4b-34ae-5c0d-0eb7-8e404b1e5d16,7c06af4b-34ae-5c0d-ae7a-280ffe0b5b7f,706298007,Dental x-ray system (physical object),(01)87006044276517(11)231207(17)481221(10)17184446601(21)64387023421154
2025-07-23T14:54:22Z,2025-07-23T14:54:22Z,74d3978e-474d-8e0b-53fd-8197c1a83cea,74d3978e-474d-8e0b-9e5e-d677f98bf87d,706298007,Dental x-ray system (physical object),(01)76476093537196(11)250702(17)500717(10)7269761059667612(21)489416722667582
2026-01-07T21:42:06Z,2026-01-07T21:42:06Z,7c06af4b-34ae-5c0d-0eb7-8e404b1e5d16,7c06af4b-34ae-5c0d-b8b4-20b1cdf20031,706298007,Dental x-ray system (physical object),(01)25005850155510(11)251218(17)510102(10)2560630142992752(21)13760279474983
2022-02-03T06:54:57Z,2022-02-03T06:54:57Z,a5865f27-c51f-18ae-c618-a52787fb853d,a5865f27-c51f-18ae-78d0-7d77816ab047,706298007,Dental x-ray system (physical object),(01)25755211857809(11)220113(17)470128(10)36734(21)7987238136
2022-02-03T07:50:32Z,,a5865f27-c51f-18ae-c618-a52787fb853d,a5865f27-c51f-18ae-78d0-7d77816ab047,225738002,Operating room (environment),(01)45623756541243(11)220113(17)470128(10)70454488(21)3490251737
2024-03-17T02:44:07Z,2024-03-17T02:44:07Z,37f56bb6-b47a-7454-19ba-f6002569bbfb,37f56bb6-b47a-7454-d856-5547e96eef74,706298007,Dental x-ray system (physical object),(01)74480283266477(11)240225(17)490311(10)6789(21)2694024895
2024-03-17T02:44:07Z,2024-03-17T04:09:12Z,37f56bb6-b47a-7454-19ba-f6002569bbfb,37f56bb6-b47a-7454-d856-5547e96eef74,225738002,Operating room (environment),(01)52012625310638(11)240225(17)490311(10)82372635974748(21)814868883
1970-01-20T03:26:13Z,,c8e39525-f5f5-28b4-2744-5576d31d795b,c8e39525-f5f5-28b4-bfa5-eddf64d1b54d,337414009,Blood glucose meter (physical object),(01)30459874440912(11)701230(17)950114(10)3839(21)4554789
2024-03-24T00:56:26Z,,37f56bb6-b47a-7454-19ba-f6002569bbfb,37f56bb6-b47a-7454-9da6-72186b6727ad,706298007,Dental x-ray system (physical object),(01)62514000628640(11)240303(17)490318(10)1307098736(21)309925551930
1986-12-16T03:50:26Z,,c8e39525-f5f5-28b4-2744-5576d31d795b,c8e39525-f5f5-28b4-fdca-29dc1f691d50,706298007,Dental x-ray system (physical object),(01)51724918071841(11)861125(17)111210(10)1122702623(21)3667664855081714
2022-12-01T05:57:20Z,2022-12-01T05:57:20Z,a5865f27-c51f-18ae-c618-a52787fb853d,a5865f27-c51f-18ae-788e-8126422753b4,706298007,Dental x-ray system (physical object),(01)64020097916690(11)221110(17)471125(10)118108(21)7366438849453407581
2024-10-27T02:15:30Z,2024-10-27T02:15:30Z,91bbfb2f-5a52-a76b-4b4d-f4b8514d1072,91bbfb2f-5a52-a76b-966e-568c0200d0e6,706298007,Dental x-ray system (physical object),(01)58990915341037(11)241006(17)491021(10)900379993182742044(21)269410915938314620
2003-11-20T10:31:08Z,2008-01-29T03:47:35Z,c8e39525-f5f5-28b4-2744-5576d31d795b,c8e39525-f5f5-28b4-7d99-29c02b60638b,272265001,Appliance for sleep apnea (physical object),(01)27669325138518(11)031030(17)281113(10)4584924816585993302(21)3238838782403914
2008-01-29T03:47:35Z,2013-02-26T03:38:07Z,c8e39525-f5f5-28b4-2744-5576d31d795b,c8e39525-f5f5-28b4-26bd-15f7bc447cca,272265001,Appliance for sleep apnea (physical object),(01)65357781206819(11)080108(17)330122(10)244272487670(21)20339489693
2024-04-11T01:30:56Z,,37f56bb6-b47a-7454-19ba-f6002569bbfb,37f56bb6-b47a-7454-af1d-9f638d5b9f13,225738002,Operating room (environment),(01)69196847920177(11)240321(17)490405(10)266899721085(21)4678674202872
2011-01-31T12:34:26Z,,c8e39525-f5f5-28b4-2744-5576d31d795b,c8e39525-f5f5-28b4-c718-7b4aa368a018,706298007,Dental x-ray system (physical object),(01)18999225395597(11)110110(17)360125(10)3930524(21)66710155410950
2024-04-18T04:18:47Z,,37f56bb6-b47a-7454-19ba-f6002569bbfb,37f56bb6-b47a-7454-3743-f00ce92b40fb,8060009,Denture  device (physical object),(01)30371075240717(11)240328(17)490412(10)911216993471(21)480390271278213
2011-02-22T03:26:13Z,2019-03-13T04:53:48Z,c8e39525-f5f5-28b4-2744-5576d31d795b,c8e39525-f5f5-28b4-2d1a-869d8014d21e,8060009,Denture  device (physical object),(01)12315810960445(11)110201(17)360216(10)592516(21)5123639
2024-02-15T06:48:10Z,2024-02-15T06:48:10Z,a5865f27-c51f-18ae-c618-a52787fb853d,a5865f27-c51f-18ae-1ae8-2e8e6e567ec3,706298007,Dental x-ray system (physical object),(01)77737623661823(11)240125(17)490208(10)18445072279(21)7645180646
2011-03-08T05:41:55Z,2011-03-08T05:41:55Z,c8e39525-f5f5-28b4-2744-5576d31d795b,c8e39525-f5f5-28b4-1ac1-8e440c9c7464,706298007,Dental x-ray system (physical object),(01)14364350870341(11)110215(17)360301(10)1521227(21)45389508184984
2013-02-26T03:38:07Z,2018-03-27T03:44:26Z,c8e39525-f5f5-28b4-2744-5576d31d795b,c8e39525-f5f5-28b4-504b-abc9f3005b15,272265001,Appliance for sleep apnea (physical object),(01)27886221244255(11)130205(17)380220(10)30017588(21)146854
2026-02-26T06:42:42Z,2026-02-26T06:42:42Z,a5865f27-c51f-18ae-c618-a52787fb853d,a5865f27-c51f-18ae-a1b4-1cc5a95cb9a2,706298007,Dental x-ray system (physical object),(01)39310987709103(11)260205(17)510220(10)5829(21)224465
2013-03-12T05:29:51Z,2013-03-12T05:29:51Z,c8e39525-f5f5-28b4-2744-5576d31d795b,c8e39525-f5f5-28b4-fd7b-8121d2598258,706298007,Dental x-ray system (physical object),(01)39244215448094(11)130219(17)380306(10)464549191721371(21)697624407285817165
2014-03-18T05:21:28Z,2014-03-18T05:21:28Z,c8e39525-f5f5-28b4-2744-5576d31d795b,c8e39525-f5f5-28b4-a62c-742e98e91d01,706298007,Dental x-ray system (physical object),(01)44607414851728(11)140225(17)390312(10)388134882010(21)24078723703
1984-07-12T13:34:00Z,,15e25089-a506-a1ae-0586-76638527f6b0,15e25089-a506-a1ae-ecea-63934b176d13,170615005,Home nebulizer (physical object),(01)28922874468878(11)840621(17)090706(10)868942811947335087(21)824344
1994-04-24T02:34:00Z,,15e25089-a506-a1ae-0586-76638527f6b0,15e25089-a506-a1ae-e8ee-325d89599fbc,337414009,Blood glucose meter (physical object),(01)48176792973960(11)940403(17)190418(10)15427791(21)1150415790840492177
2017-04-09T04:42:01Z,2017-04-09T04:42:01Z,15e25089-a506-a1ae-0586-76638527f6b0,15e25089-a506-a1ae-14a3-f1966c54eca3,706298007,Dental x-ray system (physical object),(01)27189442833754(11)170319(17)420403(10)423473486266240(21)77565
2018-03-27T03:44:26Z,,c8e39525-f5f5-28b4-2744-5576d31d795b,c8e39525-f5f5-28b4-2342-f9529dad2963,272265001,Appliance for sleep apnea (physical object),(01)90512105506602(11)180306(17)430321(10)39364247499(21)1847497975410336749
2018-04-10T05:43:51Z,2018-04-10T05:43:51Z,c8e39525-f5f5-28b4-2744-5576d31d795b,c8e39525-f5f5-28b4-d0aa-9d69ec42f77f,706298007,Dental x-ray system (physical object),(01)80793031971049(11)180320(17)430404(10)37674960509394071(21)365461614701
2018-04-10T06:40:41Z,,c8e39525-f5f5-28b4-2744-5576d31d795b,c8e39525-f5f5-28b4-d0aa-9d69ec42f77f,225738002,Operating room (environment),(01)16778816588100(11)180320(17)430404(10)597860413(21)7054337
2019-04-21T05:10:09Z,2019-04-21T05:10:09Z,15e25089-a506-a1ae-0586-76638527f6b0,15e25089-a506-a1ae-db85-554cdf8f67bf,706298007,Dental x-ray system (physical object),(01)76632791416171(11)190331(17)440414(10)18273(21)16094240486992421
2019-02-20T04:21:32Z,,c8e39525-f5f5-28b4-2744-5576d31d795b,c8e39525-f5f5-28b4-df9b-f9205d0a46a6,706298007,Dental x-ray system (physical object),(01)27330260223703(11)190130(17)440214(10)148735170885(21)20199002661
2019-03-13T04:53:48Z,,c8e39525-f5f5-28b4-2744-5576d31d795b,c8e39525-f5f5-28b4-491e-edd9ac3c8ded,8060009,Denture  device (physical object),(01)68881798598753(11)190220(17)440306(10)123060356513893528(21)419798373161806
2022-02-03T03:12:17Z,2022-03-07T03:12:17Z,15e25089-a506-a1ae-0586-76638527f6b0,15e25089-a506-a1ae-9196-f8ceebf025e2,228869008,Manual wheelchair (physical object),(01)23403834725109(11)220113(17)470128(10)26346(21)33173
2022-05-08T05:08:27Z,2022-05-08T05:08:27Z,15e25089-a506-a1ae-0586-76638527f6b0,15e25089-a506-a1ae-44f8-9c73a73e806f,706298007,Dental x-ray system (physical object),(01)62299651639638(11)220417(17)470502(10)6720225602(21)546988735
2025-05-25T04:47:03Z,2025-05-25T04:47:03Z,15e25089-a506-a1ae-0586-76638527f6b0,15e25089-a506-a1ae-8a63-f1434e10f1c0,706298007,Dental x-ray system (physical object),(01)49023260570144(11)250504(17)500519(10)38777(21)72220
1988-05-13T21:07:43Z,,9bc2066e-7475-272f-51c1-9ae7b428d4c6,9bc2066e-7475-272f-7014-a51c46f1cb78,337414009,Blood glucose meter (physical object),(01)37399419006384(11)880423(17)130508(10)3702918828811902115(21)37001448574547
2018-03-23T22:48:01Z,2018-03-23T22:48:01Z,9bc2066e-7475-272f-51c1-9ae7b428d4c6,9bc2066e-7475-272f-86a3-f4b6d643b01e,706298007,Dental x-ray system (physical object),(01)46669177134201(11)180303(17)430318(10)1580(21)17034415694069
2019-03-29T23:02:52Z,2019-03-29T23:02:52Z,9bc2066e-7475-272f-51c1-9ae7b428d4c6,9bc2066e-7475-272f-3922-5f29b3e932f1,706298007,Dental x-ray system (physical object),(01)18252572877285(11)190309(17)440323(10)57090(21)79187403568821387
2020-11-24T05:17:57Z,2020-12-06T19:39:33Z,c8e39525-f5f5-28b4-2744-5576d31d795b,c8e39525-f5f5-28b4-4879-0da9904d1865,449071006,Mechanical ventilator (physical object),(01)57602151625417(11)201103(17)451118(10)79267976(21)32140826
2020-11-24T05:17:57Z,2020-11-24T05:46:20Z,c8e39525-f5f5-28b4-2744-5576d31d795b,c8e39525-f5f5-28b4-4879-0da9904d1865,448907002,Videolaryngoscope (physical object),(01)84466999376603(11)201103(17)451118(10)5797573580(21)57743097246503
2020-11-24T06:07:33Z,2020-11-24T08:36:33Z,c8e39525-f5f5-28b4-2744-5576d31d795b,c8e39525-f5f5-28b4-4879-0da9904d1865,36965003,Hemodialysis machine  device (physical object),(01)28818971352391(11)201103(17)451118(10)14591994448(21)314773744614
2020-11-25T08:36:33Z,2020-11-25T12:29:33Z,c8e39525-f5f5-28b4-2744-5576d31d795b,c8e39525-f5f5-28b4-4879-0da9904d1865,36965003,Hemodialysis machine  device (physical object),(01)11548392478639(11)201104(17)451119(10)22756952(21)55222572657
2020-11-26T12:29:33Z,2020-11-26T15:17:33Z,c8e39525-f5f5-28b4-2744-5576d31d795b,c8e39525-f5f5-28b4-4879-0da9904d1865,36965003,Hemodialysis machine  device (physical object),(01)19981762449077(11)201105(17)451120(10)992126354981(21)7150392
2020-11-27T15:17:33Z,2020-11-27T17:27:33Z,c8e39525-f5f5-28b4-2744-5576d31d795b,c8e39525-f5f5-28b4-4879-0da9904d1865,36965003,Hemodialysis machine  device (physical object),(01)82395643949274(11)201106(17)451121(10)3031085(21)86808253747194
2020-11-28T17:27:33Z,2020-11-28T19:43:33Z,c8e39525-f5f5-28b4-2744-5576d31d795b,c8e39525-f5f5-28b4-4879-0da9904d1865,36965003,Hemodialysis machine  device (physical object),(01)11409214644347(11)201107(17)451122(10)2822119171(21)89337
2020-11-29T19:43:33Z,2020-11-29T23:37:33Z,c8e39525-f5f5-28b4-2744-5576d31d795b,c8e39525-f5f5-28b4-4879-0da9904d1865,36965003,Hemodialysis machine  device (physical object),(01)91102400862299(11)201109(17)451124(10)791084007538084032(21)811599
2020-11-30T23:37:33Z,2020-12-01T02:33:33Z,c8e39525-f5f5-28b4-2744-5576d31d795b,c8e39525-f5f5-28b4-4879-0da9904d1865,36965003,Hemodialysis machine  device (physical object),(01)77548963062003(11)201110(17)451125(10)2173(21)2186469
2020-12-02T02:33:33Z,2020-12-02T05:20:33Z,c8e39525-f5f5-28b4-2744-5576d31d795b,c8e39525-f5f5-28b4-4879-0da9904d1865,36965003,Hemodialysis machine  device (physical object),(01)67169516589192(11)201111(17)451126(10)9179335(21)65085551120167
2020-12-03T05:20:33Z,2020-12-03T07:34:33Z,c8e39525-f5f5-28b4-2744-5576d31d795b,c8e39525-f5f5-28b4-4879-0da9904d1865,36965003,Hemodialysis machine  device (physical object),(01)75640522418661(11)201112(17)451127(10)293311009(21)560264
2020-12-04T07:34:33Z,2020-12-04T09:56:33Z,c8e39525-f5f5-28b4-2744-5576d31d795b,c8e39525-f5f5-28b4-4879-0da9904d1865,36965003,Hemodialysis machine  device (physical object),(01)84252758690718(11)201113(17)451128(10)20237310064995(21)507891574475990
2020-12-05T09:56:33Z,2020-12-05T13:50:33Z,c8e39525-f5f5-28b4-2744-5576d31d795b,c8e39525-f5f5-28b4-4879-0da9904d1865,36965003,Hemodialysis machine  device (physical object),(01)25020164090343(11)201114(17)451129(10)913347710038(21)6679541187
2020-12-06T13:50:33Z,2020-12-06T16:30:33Z,c8e39525-f5f5-28b4-2744-5576d31d795b,c8e39525-f5f5-28b4-4879-0da9904d1865,36965003,Hemodialysis machine  device (physical object),(01)63830616266804(11)201115(17)451130(10)26853717890(21)12799
2020-04-03T22:40:57Z,2020-04-03T22:40:57Z,9bc2066e-7475-272f-51c1-9ae7b428d4c6,9bc2066e-7475-272f-49c7-49acb3932565,706298007,Dental x-ray system (physical object),(01)29614839560568(11)200314(17)450329(10)1099185511566720778(21)65961558344452
2022-04-15T22:32:22Z,2022-04-15T22:32:22Z,9bc2066e-7475-272f-51c1-9ae7b428d4c6,9bc2066e-7475-272f-55a6-3a32e0286c1a,706298007,Dental x-ray system (physical object),(01)42763922385434(11)220326(17)470410(10)38176430528560434(21)16118143
2025-06-22T02:05:45Z,2025-06-22T02:05:45Z,37f56bb6-b47a-7454-19ba-f6002569bbfb,37f56bb6-b47a-7454-1d29-c235f5a8ee23,706298007,Dental x-ray system (physical object),(01)79255328900840(11)250601(17)500616(10)570113970029053887(21)1783
2025-06-22T02:55:29Z,,37f56bb6-b47a-7454-19ba-f6002569bbfb,37f56bb6-b47a-7454-1d29-c235f5a8ee23,225738002,Operating room (environment),(01)46972083782940(11)250601(17)500616(10)2252040176071(21)224612758032901
2023-04-21T22:59:39Z,2023-04-21T22:59:39Z,9bc2066e-7475-272f-51c1-9ae7b428d4c6,9bc2066e-7475-272f-afae-2a47e9a19ba5,706298007,Dental x-ray system (physical object),(01)45234900146376(11)230401(17)480415(10)8658775092131(21)82263332323267
2025-08-15T23:24:51Z,2025-08-15T23:24:51Z,9bc2066e-7475-272f-51c1-9ae7b428d4c6,9bc2066e-7475-272f-2e6d-cf0856783d65,706298007,Dental x-ray system (physical object),(01)21749318510191(11)250726(17)500810(10)825121717(21)1398
1977-01-24T09:40:50Z,,d560a171-183e-b9c3-9291-15dc6caf83f4,d560a171-183e-b9c3-c617-cd099cccbac5,170615005,Home nebulizer (physical object),(01)46227942325432(11)770103(17)020118(10)195270641(21)4540475
2017-12-28T09:40:50Z,,d560a171-183e-b9c3-9291-15dc6caf83f4,d560a171-183e-b9c3-cefc-ed1a418959d1,1255320005,Wheeled walker (physical object),(01)57662980843647(11)171207(17)421222(10)3525706435899(21)585775631719901
2017-03-28T02:17:49Z,2017-03-28T02:17:49Z,fa92f537-8074-f54b-3311-a99006ebb4dd,fa92f537-8074-f54b-e6df-038b9e1c1c56,706298007,Dental x-ray system (physical object),(01)18901119786213(11)170307(17)420322(10)5765917355869781306(21)439452613868512733
2020-07-21T07:26:04Z,,fa92f537-8074-f54b-3311-a99006ebb4dd,fa92f537-8074-f54b-e03b-fe6bfd44d4e7,170615005,Home nebulizer (physical object),(01)60345503510704(11)200630(17)450715(10)633004(21)520422
2021-04-20T02:16:10Z,2021-04-20T02:16:10Z,fa92f537-8074-f54b-3311-a99006ebb4dd,fa92f537-8074-f54b-3c34-ef1298839843,706298007,Dental x-ray system (physical object),(01)27071825143492(11)210330(17)460414(10)72955562690505076(21)51509883251677497
2022-04-26T03:47:54Z,,fa92f537-8074-f54b-3311-a99006ebb4dd,fa92f537-8074-f54b-bcd8-3e23721afe88,225738002,Operating room (environment),(01)57487833526147(11)220405(17)470420(10)55261(21)32447508
2026-03-29T03:05:21Z,,37f56bb6-b47a-7454-19ba-f6002569bbfb,37f56bb6-b47a-7454-9f1c-e98427d04693,225738002,Operating room (environment),(01)18899674062541(11)260308(17)510323(10)901999134661841357(21)70170850304899
2023-05-02T02:59:26Z,,fa92f537-8074-f54b-3311-a99006ebb4dd,fa92f537-8074-f54b-6e2b-8dd2398cdd0c,225738002,Operating room (environment),(01)69802144402660(11)230411(17)480425(10)89327853(21)885882403479890
2025-05-20T02:08:40Z,2025-05-20T02:08:40Z,fa92f537-8074-f54b-3311-a99006ebb4dd,fa92f537-8074-f54b-9a8b-109de849f281,706298007,Dental x-ray system (physical object),(01)23177936285141(11)250429(17)500514(10)879504285176741535(21)454420411395111
2025-05-20T03:00:45Z,,fa92f537-8074-f54b-3311-a99006ebb4dd,fa92f537-8074-f54b-9a8b-109de849f281,225738002,Operating room (environment),(01)66113634366225(11)250429(17)500514(10)78696668(21)81265709111
2026-02-10T00:26:04Z,2026-03-05T00:26:04Z,fa92f537-8074-f54b-3311-a99006ebb4dd,fa92f537-8074-f54b-2664-1bda83f8577d,228869008,Manual wheelchair (physical object),(01)64404831648053(11)260120(17)510204(10)2441614006421(21)547146
2006-06-06T04:30:49Z,,698cab3f-3bc9-79c2-4b20-72b936112e1c,698cab3f-3bc9-79c2-fc67-604709819d99,337414009,Blood glucose meter (physical object),(01)79036120911592(11)060516(17)310531(10)45340701754075824(21)761142
2018-04-03T07:44:00Z,,698cab3f-3bc9-79c2-4b20-72b936112e1c,698cab3f-3bc9-79c2-b12c-0d2ac31900f4,225738002,Operating room (environment),(01)80561450512927(11)180313(17)430328(10)248255623(21)469437165771
2019-04-09T06:46:58Z,2019-04-09T06:46:58Z,698cab3f-3bc9-79c2-4b20-72b936112e1c,698cab3f-3bc9-79c2-2ccc-a0d3b44a0d3a,706298007,Dental x-ray system (physical object),(01)28740764739293(11)190319(17)440402(10)979717378739406499(21)6074117050212940
1967-01-17T03:26:13Z,,1d8fb60e-1bb8-3854-de9a-e5f7f44e5827,1d8fb60e-1bb8-3854-aed7-084a1686ff37,337414009,Blood glucose meter (physical object),(01)74556362730594(11)661227(17)920111(10)6700293512234(21)3881582448821908331
2019-07-09T06:24:52Z,2019-07-09T06:24:52Z,698cab3f-3bc9-79c2-4b20-72b936112e1c,698cab3f-3bc9-79c2-4218-40da421a1768,706298007,Dental x-ray system (physical object),(01)47667965331608(11)190618(17)440702(10)4177667038(21)22510037255389564
1996-03-26T21:31:35Z,,a38eb7c2-a781-e97a-c1bb-d95bf0d2b90d,a38eb7c2-a781-e97a-abdc-031bb544c208,337414009,Blood glucose meter (physical object),(01)12294907132905(11)960306(17)210321(10)21514(21)8621327597
1996-05-21T21:31:35Z,,a38eb7c2-a781-e97a-c1bb-d95bf0d2b90d,a38eb7c2-a781-e97a-ce83-f7f05f874b55,170615005,Home nebulizer (physical object),(01)49401403563667(11)960501(17)210516(10)90244017874097701(21)11684514550066
2015-09-08T21:31:35Z,2024-10-29T21:31:35Z,a38eb7c2-a781-e97a-c1bb-d95bf0d2b90d,a38eb7c2-a781-e97a-fc5b-89972fd4bd9b,336621006,Oxygen concentrator (physical object),(01)69836366316595(11)150819(17)400902(10)89424320532774065(21)65327996648218
1969-04-29T05:06:25Z,1969-04-29T05:06:25Z,1d8fb60e-1bb8-3854-de9a-e5f7f44e5827,1d8fb60e-1bb8-3854-706f-5f47d615cc92,706298007,Dental x-ray system (physical object),(01)22529495541926(11)690408(17)940423(10)2361197499(21)9431217302750
1969-04-29T06:02:06Z,,1d8fb60e-1bb8-3854-de9a-e5f7f44e5827,1d8fb60e-1bb8-3854-706f-5f47d615cc92,225738002,Operating room (environment),(01)75036341713942(11)690408(17)940423(10)58670(21)3052225
2017-10-03T23:10:45Z,2017-10-03T23:10:45Z,a38eb7c2-a781-e97a-c1bb-d95bf0d2b90d,a38eb7c2-a781-e97a-6e6f-3e0269963b7a,706298007,Dental x-ray system (physical object),(01)61658428158506(11)170913(17)420928(10)6660708(21)99670
2017-10-04T00:05:33Z,,a38eb7c2-a781-e97a-c1bb-d95bf0d2b90d,a38eb7c2-a781-e97a-6e6f-3e0269963b7a,225738002,Operating room (environment),(01)84085241881247(11)170913(17)420928(10)6959418411886(21)202662447
1970-02-24T05:08:06Z,1970-02-24T05:08:06Z,1d8fb60e-1bb8-3854-de9a-e5f7f44e5827,1d8fb60e-1bb8-3854-4d17-4d3375ff5937,706298007,Dental x-ray system (physical object),(01)32475362410376(11)700203(17)950218(10)5497729565(21)47454424184019687
1970-02-24T05:43:31Z,,1d8fb60e-1bb8-3854-de9a-e5f7f44e5827,1d8fb60e-1bb8-3854-4d17-4d3375ff5937,225738002,Operating room (environment),(01)65540062932775(11)700203(17)950218(10)920997562391417721(21)7059
2018-10-09T23:18:25Z,2018-10-09T23:18:25Z,a38eb7c2-a781-e97a-c1bb-d95bf0d2b90d,a38eb7c2-a781-e97a-e3e7-33aab03b41ee,706298007,Dental x-ray system (physical object),(01)58974906086401(11)180919(17)431004(10)449241205313222(21)493102
1971-03-02T05:00:16Z,1971-03-02T05:00:16Z,1d8fb60e-1bb8-3854-de9a-e5f7f44e5827,1d8fb60e-1bb8-3854-90a0-f5d283eff3c0,706298007,Dental x-ray system (physical object),(01)73931126828408(11)710209(17)960224(10)56147476966852(21)510739162461878
2023-05-02T06:41:00Z,2023-05-02T06:41:00Z,698cab3f-3bc9-79c2-4b20-72b936112e1c,698cab3f-3bc9-79c2-3e99-e864b353724e,706298007,Dental x-ray system (physical object),(01)85043065401972(11)230411(17)480425(10)22770771854(21)277496478495454
2024-05-07T06:11:16Z,2024-05-07T06:11:16Z,698cab3f-3bc9-79c2-4b20-72b936112e1c,698cab3f-3bc9-79c2-fc22-7258d23a36d6,706298007,Dental x-ray system (physical object),(01)28989057810852(11)240416(17)490501(10)488679557346743210(21)8563
2020-10-20T23:07:18Z,2020-10-20T23:07:18Z,a38eb7c2-a781-e97a-c1bb-d95bf0d2b90d,a38eb7c2-a781-e97a-5e3a-73c1e93af117,706298007,Dental x-ray system (physical object),(01)41421914018193(11)200930(17)451015(10)2112955149950812(21)3011665096914343
1973-03-13T05:15:40Z,1973-03-13T05:15:40Z,1d8fb60e-1bb8-3854-de9a-e5f7f44e5827,1d8fb60e-1bb8-3854-eb40-6e9c50b71bc4,706298007,Dental x-ray system (physical object),(01)51755249239146(11)730220(17)980307(10)200504640792882(21)495691422861303
2024-10-29T06:10:08Z,2024-10-29T06:10:08Z,698cab3f-3bc9-79c2-4b20-72b936112e1c,698cab3f-3bc9-79c2-f238-4a4c6a726196,706298007,Dental x-ray system (physical object),(01)20520132218367(11)241008(17)491023(10)3373862094988515363(21)282468
1973-12-11T05:15:38Z,1973-12-11T05:15:38Z,1d8fb60e-1bb8-3854-de9a-e5f7f44e5827,1d8fb60e-1bb8-3854-5d9d-5cfcd617f952,706298007,Dental x-ray system (physical object),(01)55133336847086(11)731120(17)981205(10)849745693(21)86836600
1974-03-05T03:26:13Z,,1d8fb60e-1bb8-3854-de9a-e5f7f44e5827,1d8fb60e-1bb8-3854-f99a-5e203f839342,170615005,Home nebulizer (physical object),(01)54761774412649(11)740212(17)990227(10)8203548(21)78766
2025-05-13T06:29:07Z,2025-05-13T06:29:07Z,698cab3f-3bc9-79c2-4b20-72b936112e1c,698cab3f-3bc9-79c2-cfac-05c97339ba52,706298007,Dental x-ray system (physical object),(01)84306996262999(11)250422(17)500507(10)154172362980(21)832559863932516115
2024-10-29T21:31:35Z,,a38eb7c2-a781-e97a-c1bb-d95bf0d2b90d,a38eb7c2-a781-e97a-f4ba-15a93e8d7a5e,336621006,Oxygen concentrator (physical object),(01)21985205717704(11)241009(17)491024(10)7673096935551899(21)8642313
1989-05-11T14:26:02Z,,6acd62f1-0597-858b-7f7c-3b7e0f01f7fb,6acd62f1-0597-858b-abfc-a12e0e6a58e2,170615005,Home nebulizer (physical object),(01)65322692515885(11)890420(17)140505(10)4787698(21)340921334499522734
2000-10-15T11:26:02Z,,6acd62f1-0597-858b-7f7c-3b7e0f01f7fb,6acd62f1-0597-858b-baa9-e2a38b210ec5,337414009,Blood glucose meter (physical object),(01)77467567676029(11)000924(17)251009(10)2599730499722(21)63420743771670908
1975-03-25T05:13:51Z,1975-03-25T06:47:09Z,1d8fb60e-1bb8-3854-de9a-e5f7f44e5827,1d8fb60e-1bb8-3854-3210-1f736b8452b9,225738002,Operating room (environment),(01)89008382324573(11)750304(17)000318(10)256510(21)4667669922028173
1976-03-30T05:32:35Z,1976-03-30T05:32:35Z,1d8fb60e-1bb8-3854-de9a-e5f7f44e5827,1d8fb60e-1bb8-3854-a7af-79e7f4c9b99a,706298007,Dental x-ray system (physical object),(01)80898918978810(11)760309(17)010324(10)3880(21)6722858101
1981-03-01T22:54:11Z,,524837cf-b12d-4f0e-e516-8d69b01afd3c,524837cf-b12d-4f0e-fcb2-2cc347f7ca31,337414009,Blood glucose meter (physical object),(01)24209286479214(11)810209(17)060224(10)759314(21)40883970813
1977-04-05T05:03:26Z,1977-04-05T05:03:26Z,1d8fb60e-1bb8-3854-de9a-e5f7f44e5827,1d8fb60e-1bb8-3854-b235-c0d23eda2faf,706298007,Dental x-ray system (physical object),(01)27378522598214(11)770315(17)020330(10)33867690255435949(21)197681192245795940
1977-04-05T05:03:26Z,1977-04-05T07:16:50Z,1d8fb60e-1bb8-3854-de9a-e5f7f44e5827,1d8fb60e-1bb8-3854-b235-c0d23eda2faf,225738002,Operating room (environment),(01)69359984674375(11)770315(17)020330(10)4551695(21)3959
1977-04-12T03:59:09Z,,1d8fb60e-1bb8-3854-de9a-e5f7f44e5827,1d8fb60e-1bb8-3854-a0e6-cc9dcdb19b4b,706298007,Dental x-ray system (physical object),(01)78931990015200(11)770322(17)020406(10)32899051976661640(21)137150488596393
1977-04-26T04:31:56Z,,1d8fb60e-1bb8-3854-de9a-e5f7f44e5827,1d8fb60e-1bb8-3854-32d4-ef7a6451353a,8060009,Denture  device (physical object),(01)61242513146507(11)770405(17)020420(10)793416061952982467(21)6936323153746127830
1995-01-16T01:11:03Z,1995-01-16T01:11:03Z,524837cf-b12d-4f0e-e516-8d69b01afd3c,524837cf-b12d-4f0e-b10a-f4f0176d0b0d,706298007,Dental x-ray system (physical object),(01)32283782615623(11)941226(17)200110(10)47790731049852(21)342442452935266
1978-04-04T03:26:13Z,1978-04-11T03:26:13Z,1d8fb60e-1bb8-3854-de9a-e5f7f44e5827,1d8fb60e-1bb8-3854-d2a6-ab90872ab750,91537007,Hospital bed  device (physical object),(01)40125764250977(11)780314(17)030329(10)293175358(21)45081905464425406
1978-04-04T03:26:13Z,1978-04-11T03:26:13Z,1d8fb60e-1bb8-3854-de9a-e5f7f44e5827,1d8fb60e-1bb8-3854-d2a6-ab90872ab750,706112002,Patient lifting system (physical object),(01)16247834373567(11)780314(17)030329(10)48709297(21)2164586777
1978-04-04T03:26:13Z,1978-04-11T03:26:13Z,1d8fb60e-1bb8-3854-de9a-e5f7f44e5827,1d8fb60e-1bb8-3854-d2a6-ab90872ab750,360008003,Commode (physical object),(01)83594513443444(11)780314(17)030329(10)2337959083366886766(21)24139486800
1995-04-17T01:37:59Z,1995-04-17T01:37:59Z,524837cf-b12d-4f0e-e516-8d69b01afd3c,524837cf-b12d-4f0e-de77-6a8c43b9fbe7,706298007,Dental x-ray system (physical object),(01)46559010363608(11)950327(17)200410(10)89581(21)203104923440875016
1995-08-14T00:58:45Z,1995-08-14T00:58:45Z,524837cf-b12d-4f0e-e516-8d69b01afd3c,524837cf-b12d-4f0e-74fd-5730d090d518,706298007,Dental x-ray system (physical object),(01)89641482199954(11)950724(17)200807(10)260175913199(21)7190231784995681973
1997-08-18T00:49:19Z,1997-08-18T00:49:19Z,524837cf-b12d-4f0e-e516-8d69b01afd3c,524837cf-b12d-4f0e-325b-3d17e415157a,706298007,Dental x-ray system (physical object),(01)29742207184635(11)970728(17)220812(10)350391850917679(21)6128993534
1999-04-05T01:14:47Z,1999-04-05T01:14:47Z,524837cf-b12d-4f0e-e516-8d69b01afd3c,524837cf-b12d-4f0e-1793-858475ccc912,706298007,Dental x-ray system (physical object),(01)25477246898338(11)990315(17)240329(10)2251817158(21)7017339
1999-07-28T22:54:11Z,,524837cf-b12d-4f0e-e516-8d69b01afd3c,524837cf-b12d-4f0e-26f7-db14b1699b3e,170615005,Home nebulizer (physical object),(01)34954843508839(11)990708(17)240722(10)601740644475002936(21)3878033
2002-03-25T00:48:33Z,,524837cf-b12d-4f0e-e516-8d69b01afd3c,524837cf-b12d-4f0e-d2fa-4ee7c8cc4b6f,225738002,Operating room (environment),(01)19969360682898(11)020304(17)270319(10)2771996534158418013(21)69355884845560
1976-01-27T03:26:13Z,,9a560196-6598-a308-6016-c3d0c18e299e,9a560196-6598-a308-f080-3f51454a13ef,337414009,Blood glucose meter (physical object),(01)24615342623007(11)760106(17)010120(10)537091(21)129504072387920115
1985-03-12T04:02:31Z,,9a560196-6598-a308-6016-c3d0c18e299e,9a560196-6598-a308-cb41-ef068f3fd56d,706298007,Dental x-ray system (physical object),(01)72046537974858(11)850219(17)100306(10)66193(21)247165
1996-11-21T05:42:41Z,1996-11-21T13:09:41Z,9a560196-6598-a308-6016-c3d0c18e299e,9a560196-6598-a308-3206-3cbbb566301b,701077002,Respiratory apnea monitoring system (physical object),(01)43654447152213(11)961031(17)211115(10)47902883866901(21)70704
1996-11-21T05:42:41Z,1996-11-21T13:09:41Z,9a560196-6598-a308-6016-c3d0c18e299e,9a560196-6598-a308-3206-3cbbb566301b,701100002,Polysomnography analyzer (physical object),(01)27477152139826(11)961031(17)211115(10)752110188184646(21)8484858727166514
1996-11-21T13:09:41Z,2001-05-22T03:51:32Z,9a560196-6598-a308-6016-c3d0c18e299e,9a560196-6598-a308-3206-3cbbb566301b,272265001,Appliance for sleep apnea (physical object),(01)85602534438080(11)961031(17)211115(10)375547174(21)696251271597
2011-07-19T03:55:00Z,2012-10-16T03:44:59Z,9a560196-6598-a308-6016-c3d0c18e299e,9a560196-6598-a308-0861-dde49817e15f,272265001,Appliance for sleep apnea (physical object),(01)69929127529707(11)110628(17)360712(10)8666632186(21)71978956290894
2017-08-22T03:37:06Z,2021-09-14T03:51:55Z,9a560196-6598-a308-6016-c3d0c18e299e,9a560196-6598-a308-ad35-a757e812c49a,272265001,Appliance for sleep apnea (physical object),(01)16885767359474(11)170801(17)420816(10)662377515949217782(21)6832957952227
2017-09-05T06:01:07Z,2017-09-05T06:01:07Z,9a560196-6598-a308-6016-c3d0c18e299e,9a560196-6598-a308-d4aa-75e516fa0723,706298007,Dental x-ray system (physical object),(01)17741557038407(11)170815(17)420830(10)490552(21)5422907
2019-11-19T03:26:13Z,2019-12-09T03:26:13Z,9a560196-6598-a308-6016-c3d0c18e299e,9a560196-6598-a308-0190-384b2d55cd66,91537007,Hospital bed  device (physical object),(01)78297137991594(11)191029(17)441112(10)4080552(21)59259176
2020-09-22T05:48:06Z,,9a560196-6598-a308-6016-c3d0c18e299e,9a560196-6598-a308-1f35-289b51975400,225738002,Operating room (environment),(01)50782534115232(11)200901(17)450916(10)5074022183(21)387327
2021-09-14T03:51:55Z,,9a560196-6598-a308-6016-c3d0c18e299e,9a560196-6598-a308-95c6-2cab07b8155e,272265001,Appliance for sleep apnea (physical object),(01)43777180623823(11)210824(17)460908(10)136092357404576614(21)6657417244917746206
2024-05-24T16:16:40Z,,9a560196-6598-a308-6016-c3d0c18e299e,9a560196-6598-a308-ad93-8db0b1e7a13b,706298007,Dental x-ray system (physical object),(01)64061449743431(11)240503(17)490518(10)50198819514(21)273432322073
2024-06-07T16:50:50Z,,9a560196-6598-a308-6016-c3d0c18e299e,9a560196-6598-a308-7d78-d5ae28994547,8060009,Denture  device (physical object),(01)54844351780956(11)240517(17)490601(10)16785112735479936(21)6667470133474
2024-10-15T05:37:58Z,2024-10-15T05:37:58Z,9a560196-6598-a308-6016-c3d0c18e299e,9a560196-6598-a308-f6bd-95d4337022a3,706298007,Dental x-ray system (physical object),(01)69797222625529(11)240924(17)491009(10)30465(21)79607000
2025-10-21T05:44:06Z,,9a560196-6598-a308-6016-c3d0c18e299e,9a560196-6598-a308-2dec-dbac7720bcdc,225738002,Operating room (environment),(01)70945253749321(11)250930(17)501015(10)5067582844(21)16885752695291315
1950-09-06T14:54:11Z,,5b923042-e8be-38e0-5047-e6ef544fcb69,5b923042-e8be-38e0-edee-15fc352947ae,170615005,Home nebulizer (physical object),(01)75680229269907(11)500816(17)750831(10)345423(21)74641908
1970-02-01T22:54:11Z,,5b923042-e8be-38e0-5047-e6ef544fcb69,5b923042-e8be-38e0-ac56-ba181805a07c,337414009,Blood glucose meter (physical object),(01)25743048142773(11)700112(17)950127(10)58789122905(21)828804672997861
2019-05-06T00:57:42Z,2019-05-06T00:57:42Z,5b923042-e8be-38e0-5047-e6ef544fcb69,5b923042-e8be-38e0-ad7b-6a88fdb1b256,706298007,Dental x-ray system (physical object),(01)53456170328969(11)190415(17)440429(10)1930416108233054756(21)9195781178226
2021-05-17T00:31:00Z,2021-05-17T00:31:00Z,5b923042-e8be-38e0-5047-e6ef544fcb69,5b923042-e8be-38e0-a6b8-5604bd486e08,706298007,Dental x-ray system (physical object),(01)82864266016099(11)210426(17)460511(10)41432377589(21)23108434885606119
2021-12-19T22:54:11Z,2021-12-28T22:54:11Z,5b923042-e8be-38e0-5047-e6ef544fcb69,5b923042-e8be-38e0-80f7-5aa17b313ddc,228869008,Manual wheelchair (physical object),(01)25612764817959(11)211129(17)461214(10)6343(21)3836
